"Timestamp","What is your primary job role/category?","If comfortable, please specify your exact job title (Optional):","What industry/sector do you work in?","Company size (number of employees)","How many years of work experience do you have?","Work arrangement","What type of computer do you primarily use for work?","RAM (Memory) capacity","Processor (CPU) brand","Processor performance tier (if known)","Specific processor model (Optional - Example: Intel Core i7-13700K, AMD Ryzen 7 5800X, Apple M2):","Number of CPU cores","Processor base speed (GHz)","Primary storage type","Total storage capacity","Graphics card (GPU) type","If you have a dedicated graphics card, specify the model (Optional - Example: NVIDIA RTX 4060, AMD Radeon RX 7600):","Graphics card memory (VRAM)","Operating system","Screen size (for laptops/all-in-ones)","Do you use multiple monitors?","What software/applications do you use regularly?","What is the typical size of files you work with?","What is your budget for a PC?","Primary work activities","How many hours per day do you use your PC for work?","Do you run multiple applications simultaneously?","Rate the intensity of your typical workload:","Is your current PC sufficient for your work requirements?","What performance issues do you experience?","How often does your PC slow down or struggle during work?","Do you experience power interruptions at your location?","Do you use a UPS or generator?","What type of internet connection do you use for work?","If you could upgrade your PC, what would you prioritize?","When was your current PC purchased or assigned to you?","PC form factor preference?","Portability requirement?","Any additional comments about your PC specifications, work requirements, or suggestions for the PC recommendation system?"
"2026/02/18 9:15:22 AM GMT+5:30","Software Developer/Engineer","Full Stack Developer","Information Technology (IT)","51-200 (Medium-sized business)","4-6 years","Hybrid","Desktop PC (Custom built)","32 GB","Intel","High-end (i7, Ryzen 7, M2/M3)","Intel Core i7-12700K","12 cores","3.6 GHz","NVMe SSD (Faster PCIe SSD)","1 TB","Mid-range dedicated GPU (RTX 3060, RX 6700 XT)","NVIDIA RTX 3060 Ti","8 GB","Windows 11","24 inches (external monitor)","Dual monitors","VS Code, Docker, Postman, Figma, Chrome (multiple tabs)","Medium (10 MB - 100 MB)","Above LKR 300,000","Full-stack development, DevOps","8-10 hours","Frequently (6-10 applications at a time)","4 - Heavy (video editing, 3D rendering, VM)","Yes, fully meets my needs","No performance issues","Never","Rarely (1-2 hours/month)","Yes (UPS)","Fiber broadband (SLT, Dialog Fiber, etc.)","Faster CPU/Processor;More RAM (memory)","Less than 1 year ago","Desktop PC (Tower/Standard)","No, can be stationary",""
"2026/02/18 9:20:45 AM GMT+5:30","University/College Student (CS/IT)","Computer Science Undergraduate","Education - University","501-1000 (Large organization)","Less than 1 year","On-site (at campus/office)","Standard Laptop","8 GB","Intel","Entry-level (i3, Ryzen 3, M1)","Intel Core i5-1135G7","4 cores","2.4 GHz","SATA SSD (Slower SSD)","256 GB","Integrated graphics (Intel UHD, AMD Radeon)","Intel Iris Xe","Shared","Windows 11","14 inches","Single monitor/screen only","VS Code, Eclipse, IntelliJ IDEA, Chrome, MS Office","Small (Under 10 MB)","LKR 100,000 - 150,000","Programming assignments, research, documentation","4-6 hours","Moderately (3-5 applications at a time)","2 - Light (document editing, web browsing)","Partially (some tasks are slow or require workarounds)","Slow boot times;System freezes/lag;Application crashes","Occasionally (2-3 times per week)","Frequently (3-4 hours/week)","Not needed","Fiber broadband (University network)","Faster CPU/Processor;More RAM (memory);Faster storage (SSD upgrade)","2-3 years ago","Windows Laptop","Must be portable (travel frequently for work)","Need better performance for coding and virtualization"
"2026/02/18 9:25:30 AM GMT+5:30","IT Support/Helpdesk","IT Support Technician","Information Technology (IT)","1-10 (Small business/Startup)","2-3 years","On-site (at campus/office)","Standard Laptop","16 GB","Intel","Mid-range (i5, Ryzen 5, M1/M2)","Intel Core i5-1240P","10 cores","1.7 GHz","NVMe SSD (Faster PCIe SSD)","512 GB","Integrated graphics (Intel UHD, AMD Radeon)","Intel UHD Graphics","Shared","Windows 11","15 inches","Dual monitors","Remote Desktop, TeamViewer, Chrome, MS Office, Ticketing systems","Small (Under 10 MB)","LKR 200,000 - 250,000","Remote support, system administration, troubleshooting","6-8 hours","Frequently (6-10 applications at a time)","3 - Moderate (programming, data analysis, photo editing)","Yes, fully meets my needs","No performance issues","Rarely (once a week or less)","Frequently (3-4 hours/week)","Yes (UPS)","Fiber broadband (SLT, Dialog Fiber, etc.)","Faster CPU/Processor;Larger or faster storage (SSD upgrade)","1-2 years ago","Windows Laptop","No, can be stationary",""
"2026/02/18 9:30:15 AM GMT+5:30","Data Scientist/Analyst","Data Analyst","Information Technology (IT)","201-500 (Large organization)","4-6 years","Remote/Work from home","Desktop PC (Custom built)","64 GB","AMD","High-end (i7, Ryzen 7, M2/M3)","AMD Ryzen 9 5950X","16 cores","3.4 GHz","NVMe SSD (Faster PCIe SSD)","2 TB","High-end dedicated GPU (RTX 4070, RX 7800 XT)","NVIDIA RTX 4070","12 GB","Windows 11","27 inches (external monitor)","Triple monitors","Python, R Studio, Jupyter, Tableau, Power BI, Excel","Large files (100 MB - 1 GB)","Above LKR 300,000","Data analysis, machine learning, visualization","8-10 hours","Frequently (6-10 applications at a time)","4 - Heavy (video editing, 3D rendering, VM)","Yes, fully meets my needs","No performance issues","Never","Rarely (1-2 hours/month)","Yes (UPS)","Fiber broadband (SLT, Dialog Fiber, etc.)","More RAM (memory);Larger or faster storage (SSD upgrade)","Less than 1 year ago","Desktop PC (Tower/Standard)","No, can be stationary",""
"2026/02/18 9:35:20 AM GMT+5:30","Graphic Designer/Video Editor","Motion Graphics Designer","Creative Arts/Media","11-50 (Small to medium)","2-3 years","Hybrid","MacBook or Mac desktop","16 GB","Apple","High-end (i7, Ryzen 7, M2/M3)","Apple M2 Pro","10 cores","3.5 GHz","NVMe SSD (Faster PCIe SSD)","1 TB","Mid-range dedicated GPU (RTX 3060, RX 6700 XT)","Apple M2 Pro GPU","16 GB","macOS","14 inches","Single monitor/screen only","Adobe Creative Suite (After Effects, Premiere Pro, Photoshop), DaVinci Resolve","Large files (100 MB - 1 GB)","Above LKR 300,000","Video editing, motion graphics, color grading","6-8 hours","Frequently (6-10 applications at a time)","4 - Heavy (video editing, 3D rendering, VM)","Yes, fully meets my needs","No performance issues","Rarely (once a week or less)","Rarely (1-2 hours/month)","Not needed","Fiber broadband (Dialog Fiber, SLT)","Larger or faster storage (SSD upgrade);Faster CPU/Processor;More RAM (memory)","1-2 years ago","MacBook or Mac desktop","Must be portable (travel frequently for work)","Need more storage for video projects"
"2026/02/18 9:40:55 AM GMT+5:30","Network Administrator","Network Engineer","Information Technology (IT)","51-200 (Medium-sized business)","7-10 years","On-site (at campus/office)","Desktop PC (Standard)","16 GB","Intel","Mid-range (i5, Ryzen 5, M1/M2)","Intel Core i5-12500","6 cores","3.0 GHz","NVMe SSD (Faster PCIe SSD)","512 GB","Integrated graphics (Intel UHD, AMD Radeon)","Intel UHD Graphics 770","Shared","Windows 11","22 inches (external monitor)","Dual monitors","Wireshark, PuTTY, Cisco Packet Tracer, SSH clients, monitoring tools","Small (Under 10 MB)","LKR 200,000 - 250,000","Network configuration, monitoring, troubleshooting","8-10 hours","Frequently (6-10 applications at a time)","3 - Moderate (programming, data analysis, photo editing)","Yes, fully meets my needs","No performance issues","Rarely (once a week or less)","Frequently (3-4 hours/week)","Yes (UPS)","Fiber broadband (SLT Leased Line)","Faster CPU/Processor;More RAM (memory)","2-3 years ago","Desktop PC (Tower/Standard)","No, can be stationary",""
"2026/02/18 9:45:30 AM GMT+5:30","University/College Student (CS/IT)","Information Technology Undergraduate","Education - University","1000+ (Enterprise)","Less than 1 year","On-site (at campus/office)","Budget Laptop","4 GB","Intel","Entry-level (i3, Ryzen 3, M1)","Intel Celeron N4020","2 cores","1.1 GHz","eMMC storage","64 GB","Integrated graphics (Intel UHD, AMD Radeon)","Intel UHD Graphics 600","Shared","Windows 11 Home","14 inches","Single monitor/screen only","Chrome, MS Office, VS Code (basic), Zoom","Small (Under 10 MB)","Under LKR 100,000","Online classes, basic programming, assignments","4-6 hours","Occasionally (2-3 apps at a time)","1 - Very light (email, web browsing)","No (insufficient for my needs)","Slow boot times;System freezes/lag;Overheating;Battery drain (for laptops)","Frequently (multiple times daily)","Frequently (3-4 hours/week)","Not needed","Mobile broadband (4G/5G dongle)","Faster CPU/Processor;More RAM (memory);Faster storage (SSD upgrade)","More than 3 years ago","Windows Laptop","Must be portable (travel frequently for work)","Laptop is very slow, need upgrade urgently"
"2026/02/18 9:50:45 AM GMT+5:30","Mobile App Developer","Flutter Developer","Information Technology (IT)","11-50 (Small to medium)","2-3 years","Remote/Work from home","MacBook or Mac desktop","16 GB","Apple","Mid-range (i5, Ryzen 5, M1/M2)","Apple M1","8 cores","3.2 GHz","NVMe SSD (Faster PCIe SSD)","512 GB","Integrated graphics (Intel UHD, AMD Radeon)","Apple M1 GPU","Shared","macOS","13 inches","Single monitor/screen only","Xcode, Android Studio, VS Code, Flutter SDK, Simulator","Medium (10 MB - 100 MB)","Above LKR 300,000","Mobile app development, testing, debugging","6-8 hours","Frequently (6-10 applications at a time)","3 - Moderate (programming, data analysis, photo editing)","Yes, fully meets my needs","No performance issues","Never","Rarely (1-2 hours/month)","Not needed","Fiber broadband (SLT, Dialog Fiber, etc.)","Larger or faster storage (SSD upgrade);More RAM (memory)","1-2 years ago","MacBook or Mac desktop","Must be portable (travel frequently for work)",""
"2026/02/18 9:55:10 AM GMT+5:30","Cybersecurity Specialist","Security Analyst","Information Technology (IT)","201-500 (Large organization)","4-6 years","Hybrid","Gaming Laptop","32 GB","AMD","High-end (i7, Ryzen 7, M2/M3)","AMD Ryzen 7 5800H","8 cores","3.2 GHz","NVMe SSD (Faster PCIe SSD)","1 TB","Mid-range dedicated GPU (RTX 3060, RX 6700 XT)","NVIDIA RTX 3060","6 GB","Windows 11","15 inches","Dual monitors","Kali Linux, Wireshark, Metasploit, Burp Suite, VMs","Small (Under 10 MB)","Above LKR 300,000","Penetration testing, vulnerability assessment, monitoring","8-10 hours","Frequently (6-10 applications at a time)","4 - Heavy (video editing, 3D rendering, VM)","Yes, fully meets my needs","No performance issues","Rarely (once a week or less)","Occasionally (1-2 hours/week)","Yes (UPS)","Fiber broadband (SLT, Dialog Fiber, etc.)","More RAM (memory);Faster CPU/Processor;Larger or faster storage (SSD upgrade)","1-2 years ago","Windows Laptop","Must be portable (travel frequently for work)",""
"2026/02/18 10:00:30 AM GMT+5:30","IT Project Manager","Technical Project Manager","Information Technology (IT)","201-500 (Large organization)","10+ years","Hybrid","Standard Laptop","16 GB","Intel","Mid-range (i5, Ryzen 5, M1/M2)","Intel Core i5-1235U","10 cores","1.3 GHz","NVMe SSD (Faster PCIe SSD)","512 GB","Integrated graphics (Intel UHD, AMD Radeon)","Intel Iris Xe","Shared","Windows 11","14 inches","Dual monitors","Jira, Confluence, MS Teams, Slack, MS Office, Zoom","Small (Under 10 MB)","LKR 250,000 - 300,000","Project planning, team management, client meetings","6-8 hours","Frequently (6-10 applications at a time)","2 - Light (document editing, web browsing)","Yes, fully meets my needs","No performance issues","Rarely (once a week or less)","Occasionally (1-2 hours/week)","Yes (UPS)","Fiber broadband (SLT, Dialog Fiber, etc.)","Larger battery (for laptops);Lighter/more portable (laptops)","1-2 years ago","Windows Laptop","Must be portable (travel frequently for work)",""
"2026/02/18 10:05:45 AM GMT+5:30","DevOps Engineer","DevOps Engineer","Information Technology (IT)","51-200 (Medium-sized business)","4-6 years","Remote/Work from home","Desktop PC (Custom built)","64 GB","AMD","High-end (i7, Ryzen 7, M2/M3)","AMD Ryzen 9 5900X","12 cores","3.7 GHz","NVMe SSD (Faster PCIe SSD)","2 TB","Mid-range dedicated GPU (RTX 3060, RX 6700 XT)","NVIDIA RTX 3070","8 GB","Linux (Ubuntu/Debian/etc.)","27 inches (external monitor)","Dual monitors","Docker, Kubernetes, Jenkins, Terraform, VS Code, Terminal","Small (Under 10 MB)","Above LKR 300,000","CI/CD, containerization, infrastructure as code","8-10 hours","Frequently (6-10 applications at a time)","4 - Heavy (video editing, 3D rendering, VM)","Yes, fully meets my needs","No performance issues","Never","Occasionally (1-2 hours/week)","Yes (UPS)","Fiber broadband (SLT, Dialog Fiber, etc.)","More RAM (memory);Larger or faster storage (SSD upgrade);Faster CPU/Processor","1-2 years ago","Desktop PC (Tower/Standard)","No, can be stationary",""
"2026/02/18 10:10:20 AM GMT+5:30","University/College Student (CS/IT)","Software Engineering Undergraduate","Education - University","1000+ (Enterprise)","Less than 1 year","On-site (at campus/office)","Gaming Laptop","16 GB","Intel","Mid-range (i5, Ryzen 5, M1/M2)","Intel Core i5-11400H","6 cores","2.7 GHz","Entry-level dedicated GPU (GTX 1650, RX 6500 XT)","NVIDIA GTX 1650","4 GB","Windows 11","15 inches","Single monitor/screen only","VS Code, Android Studio, IntelliJ IDEA, Chrome, Discord","Medium (10 MB - 100 MB)","LKR 200,000 - 250,000","Coding, game development, assignments","6-8 hours","Frequently (6-10 applications at a time)","3 - Moderate (programming, data analysis, photo editing)","Yes, fully meets my needs","Battery drain (for laptops)","Occasionally (2-3 times per week)","Frequently (3-4 hours/week)","Not needed","Fiber broadband (University WiFi)","Larger battery (for laptops)","1-2 years ago","Windows Laptop","Must be portable (travel frequently for work)","Good performance but battery life is poor"
"2026/02/18 10:15:35 AM GMT+5:30","QA/Test Engineer","Software Test Engineer","Information Technology (IT)","51-200 (Medium-sized business)","2-3 years","On-site (at campus/office)","Standard Laptop","8 GB","Intel","Entry-level (i3, Ryzen 3, M1)","Intel Core i3-1115G4","2 cores","3.0 GHz","SATA SSD (Slower SSD)","256 GB","Integrated graphics (Intel UHD, AMD Radeon)","Intel UHD Graphics","Shared","Windows 10","14 inches","Dual monitors","Selenium, JIRA, TestRail, Postman, Chrome, Excel","Small (Under 10 MB)","LKR 150,000 - 200,000","Manual testing, test automation, bug reporting","6-8 hours","Moderately (3-5 applications at a time)","2 - Light (document editing, web browsing)","Partially (some tasks are slow or require workarounds)","System freezes/lag;Application crashes;Slow boot times","Occasionally (2-3 times per week)","Frequently (3-4 hours/week)","Yes (UPS)","Fiber broadband (SLT, Dialog Fiber, etc.)","More RAM (memory);Faster CPU/Processor;Faster storage (SSD upgrade)","2-3 years ago","Windows Laptop","No, can be stationary","Need better performance for running test automation"
"2026/02/18 10:20:50 AM GMT+5:30","Database Administrator","Database Administrator","Information Technology (IT)","201-500 (Large organization)","7-10 years","Hybrid","Desktop PC (Standard)","32 GB","Intel","High-end (i7, Ryzen 7, M2/M3)","Intel Core i7-12700","12 cores","2.1 GHz","NVMe SSD (Faster PCIe SSD)","1 TB","Integrated graphics (Intel UHD, AMD Radeon)","Intel UHD Graphics 770","Shared","Windows Server/Windows 11","24 inches (external monitor)","Dual monitors","SQL Server Management Studio, Oracle DB, MySQL Workbench, PowerShell","Medium (10 MB - 100 MB)","LKR 250,000 - 300,000","Database optimization, backups, queries, performance tuning","8-10 hours","Frequently (6-10 applications at a time)","3 - Moderate (programming, data analysis, photo editing)","Yes, fully meets my needs","No performance issues","Rarely (once a week or less)","Occasionally (1-2 hours/week)","Yes (UPS)","Fiber broadband (SLT, Dialog Fiber, etc.)","More RAM (memory);Larger or faster storage (SSD upgrade)","2-3 years ago","Desktop PC (Tower/Standard)","No, can be stationary",""
"2026/02/18 10:25:15 AM GMT+5:30","UI/UX Designer","UI/UX Designer","Information Technology (IT)","11-50 (Small to medium)","2-3 years","Remote/Work from home","MacBook or Mac desktop","16 GB","Apple","Mid-range (i5, Ryzen 5, M1/M2)","Apple M2","8 cores","3.5 GHz","NVMe SSD (Faster PCIe SSD)","512 GB","Integrated graphics (Intel UHD, AMD Radeon)","Apple M2 GPU","Shared","macOS","13 inches","Dual monitors","Figma, Adobe XD, Sketch, Photoshop, Illustrator, Zeplin","Small (Under 10 MB)","Above LKR 300,000","Wireframing, prototyping, user research, design","6-8 hours","Moderately (3-5 applications at a time)","2 - Light (document editing, web browsing)","Yes, fully meets my needs","No performance issues","Rarely (once a week or less)","Rarely (1-2 hours/month)","Not needed","Fiber broadband (Dialog Fiber, SLT)","Larger or faster storage (SSD upgrade);Larger screen","1-2 years ago","MacBook or Mac desktop","Must be portable (travel frequently for work)",""
"2026/02/18 10:30:40 AM GMT+5:30","System Administrator","System Administrator","Information Technology (IT)","51-200 (Medium-sized business)","4-6 years","On-site (at campus/office)","Desktop PC (Standard)","16 GB","Intel","Mid-range (i5, Ryzen 5, M1/M2)","Intel Core i5-12400","6 cores","2.5 GHz","NVMe SSD (Faster PCIe SSD)","512 GB","Integrated graphics (Intel UHD, AMD Radeon)","Intel UHD Graphics 730","Shared","Windows 11","22 inches (external monitor)","Dual monitors","Active Directory, PowerShell, VMware, Remote Desktop, monitoring tools","Small (Under 10 MB)","LKR 200,000 - 250,000","Server maintenance, user management, backups","8-10 hours","Frequently (6-10 applications at a time)","3 - Moderate (programming, data analysis, photo editing)","Yes, fully meets my needs","No performance issues","Rarely (once a week or less)","Frequently (3-4 hours/week)","Yes (UPS)","Fiber broadband (SLT, Dialog Fiber, etc.)","More RAM (memory);Faster CPU/Processor","2-3 years ago","Desktop PC (Tower/Standard)","No, can be stationary",""
"2026/02/18 10:35:55 AM GMT+5:30","University/College Student (CS/IT)","Computer Engineering Undergraduate","Education - University","501-1000 (Large organization)","Less than 1 year","Hybrid","Standard Laptop","8 GB","AMD","Entry-level (i3, Ryzen 3, M1)","AMD Ryzen 5 5500U","6 cores","2.1 GHz","SATA SSD (Slower SSD)","512 GB","Integrated graphics (Intel UHD, AMD Radeon)","AMD Radeon Graphics","Shared","Windows 11","15 inches","Single monitor/screen only","VS Code, Arduino IDE, MATLAB, PyCharm, Chrome, MS Teams","Medium (10 MB - 100 MB)","LKR 150,000 - 200,000","Programming, embedded systems, assignments","4-6 hours","Moderately (3-5 applications at a time)","3 - Moderate (programming, data analysis, photo editing)","Partially (some tasks are slow or require workarounds)","System freezes/lag;Battery drain (for laptops);Overheating","Occasionally (2-3 times per week)","Frequently (3-4 hours/week)","Not needed","Fiber broadband (Dialog 4G/5G)","More RAM (memory);Faster CPU/Processor;Better cooling","1-2 years ago","Windows Laptop","Must be portable (travel frequently for work)","Laptop gets very hot during long coding sessions"
"2026/02/18 10:40:20 AM GMT+5:30","Technical Lead","Technical Lead","Information Technology (IT)","201-500 (Large organization)","7-10 years","Hybrid","MacBook or Mac desktop","32 GB","Apple","High-end (i7, Ryzen 7, M2/M3)","Apple M2 Max","12 cores","3.7 GHz","NVMe SSD (Faster PCIe SSD)","1 TB","Mid-range dedicated GPU (RTX 3060, RX 6700 XT)","Apple M2 Max GPU","38 GB","macOS","16 inches","Dual monitors","VS Code, IntelliJ IDEA, Docker, Jira, Slack, Zoom","Medium (10 MB - 100 MB)","Above LKR 300,000","Code review, architecture design, team mentoring, development","8-10 hours","Frequently (6-10 applications at a time)","3 - Moderate (programming, data analysis, photo editing)","Yes, fully meets my needs","No performance issues","Never","Occasionally (1-2 hours/week)","Not needed","Fiber broadband (SLT, Dialog Fiber, etc.)","Larger or faster storage (SSD upgrade)","Less than 1 year ago","MacBook or Mac desktop","Must be portable (travel frequently for work)",""
"2026/02/18 10:45:10 AM GMT+5:30","Machine Learning Engineer","AI/ML Engineer","Information Technology (IT)","51-200 (Medium-sized business)","4-6 years","Remote/Work from home","Desktop PC (Custom built)","64 GB","AMD","High-end (i7, Ryzen 7, M2/M3)","AMD Ryzen 9 7950X","16 cores","4.5 GHz","NVMe SSD (Faster PCIe SSD)","2 TB","High-end dedicated GPU (RTX 4070, RX 7800 XT)","NVIDIA RTX 4090","24 GB","Windows 11/Linux dual boot","27 inches (external monitor)","Dual monitors","Python, TensorFlow, PyTorch, Jupyter, CUDA, VS Code","Large files (100 MB - 1 GB)","Above LKR 300,000","Model training, data preprocessing, research","8-10 hours","Frequently (6-10 applications at a time)","4 - Heavy (video editing, 3D rendering, VM)","Yes, fully meets my needs","No performance issues","Never","Occasionally (1-2 hours/week)","Yes (UPS)","Fiber broadband (SLT, Dialog Fiber, etc.)","More RAM (memory);Better graphics card (GPU);Larger or faster storage (SSD upgrade)","Less than 1 year ago","Desktop PC (Tower/Standard)","No, can be stationary","Need high-end GPU for deep learning"
"2026/02/18 10:50:30 AM GMT+5:30","ERP Consultant","ERP Specialist","Information Technology (IT)","201-500 (Large organization)","7-10 years","On-site (at client locations)","Standard Laptop","16 GB","Intel","Mid-range (i5, Ryzen 5, M1/M2)","Intel Core i7-1165G7","4 cores","2.8 GHz","NVMe SSD (Faster PCIe SSD)","512 GB","Integrated graphics (Intel UHD, AMD Radeon)","Intel Iris Xe","Shared","Windows 11","14 inches","Dual monitors","SAP, Oracle ERP, MS Dynamics, Excel, SQL Server","Medium (10 MB - 100 MB)","LKR 250,000 - 300,000","ERP implementation, customization, training","6-8 hours","Moderately (3-5 applications at a time)","2 - Light (document editing, web browsing)","Yes, fully meets my needs","No performance issues","Rarely (once a week or less)","Frequently (3-4 hours/week)","Not always (depends on client site)","Fiber broadband (Client network/VPN)","Larger battery (for laptops);Lighter/more portable (laptops)","2-3 years ago","Windows Laptop","Must be portable (travel frequently for work)","Travel frequently to client sites, need good battery life"
"2026/02/18 10:55:45 AM GMT+5:30","Business Analyst","Business Analyst - IT","Information Technology (IT)","51-200 (Medium-sized business)","2-3 years","Hybrid","Standard Laptop","8 GB","Intel","Entry-level (i3, Ryzen 3, M1)","Intel Core i5-10210U","4 cores","1.6 GHz","SATA SSD (Slower SSD)","256 GB","Integrated graphics (Intel UHD, AMD Radeon)","Intel UHD Graphics","Shared","Windows 10","14 inches","Dual monitors","Jira, Confluence, Excel, PowerPoint, Visio, MS Teams","Small (Under 10 MB)","LKR 150,000 - 200,000","Requirements gathering, documentation, process modeling","6-8 hours","Moderately (3-5 applications at a time)","2 - Light (document editing, web browsing)","Partially (some tasks are slow or require workarounds)","Slow boot times;System freezes/lag;Application crashes","Occasionally (2-3 times per week)","Occasionally (1-2 hours/week)","Yes (UPS)","Fiber broadband (SLT, Dialog Fiber, etc.)","Faster storage (SSD upgrade);More RAM (memory);Faster CPU/Processor","2-3 years ago","Windows Laptop","No, can be stationary","Need faster boot and application loading times"
"2026/02/18 11:00:15 AM GMT+5:30","Web Developer","Frontend Developer","Information Technology (IT)","1-10 (Small business/Startup)","2-3 years","Remote/Work from home","Gaming Laptop","16 GB","Intel","Mid-range (i5, Ryzen 5, M1/M2)","Intel Core i7-10750H","6 cores","2.6 GHz","NVMe SSD (Faster PCIe SSD)","512 GB","Entry-level dedicated GPU (GTX 1650, RX 6500 XT)","NVIDIA GTX 1650 Ti","4 GB","Windows 11","15 inches","Dual monitors","VS Code, Chrome (many tabs), Figma, Node.js, Git","Small (Under 10 MB)","LKR 200,000 - 250,000","Web development, debugging, testing","6-8 hours","Frequently (6-10 applications at a time)","3 - Moderate (programming, data analysis, photo editing)","Yes, fully meets my needs","Battery drain (for laptops);Excessive fan noise","Occasionally (2-3 times per week)","Rarely (1-2 hours/month)","Not needed","Fiber broadband (Dialog Fiber, SLT)","More RAM (memory);Larger battery (for laptops)","2-3 years ago","Windows Laptop","No, can be stationary",""
"2026/02/18 11:05:30 AM GMT+5:30","Cloud Architect","Cloud Solutions Architect","Information Technology (IT)","201-500 (Large organization)","10+ years","Remote/Work from home","MacBook or Mac desktop","32 GB","Apple","High-end (i7, Ryzen 7, M2/M3)","Apple M2 Pro","10 cores","3.5 GHz","NVMe SSD (Faster PCIe SSD)","1 TB","Integrated graphics (Intel UHD, AMD Radeon)","Apple M2 Pro GPU","Shared","macOS","16 inches","Dual monitors","AWS Console, Azure Portal, Terraform, VS Code, Docker, Kubernetes","Small (Under 10 MB)","Above LKR 300,000","Cloud architecture design, infrastructure planning, cost optimization","8-10 hours","Frequently (6-10 applications at a time)","3 - Moderate (programming, data analysis, photo editing)","Yes, fully meets my needs","No performance issues","Never","Occasionally (1-2 hours/week)","Yes (UPS)","Fiber broadband (SLT, Dialog Fiber, etc.)","Larger or faster storage (SSD upgrade);More RAM (memory)","Less than 1 year ago","MacBook or Mac desktop","Must be portable (travel frequently for work)",""
"2026/02/18 11:10:50 AM GMT+5:30","University/College Student (CS/IT)","Data Science Undergraduate","Education - University","1000+ (Enterprise)","Less than 1 year","On-site (at campus/office)","Budget Laptop","4 GB","Intel","Entry-level (i3, Ryzen 3, M1)","Intel Pentium Silver N5030","4 cores","1.1 GHz","HDD (Mechanical hard drive)","500 GB","Integrated graphics (Intel UHD, AMD Radeon)","Intel UHD Graphics 605","Shared","Windows 10","15 inches","Single monitor/screen only","Chrome, MS Office, Anaconda (struggles), Jupyter (basic)","Small (Under 10 MB)","Under LKR 100,000","Learning Python, data analysis basics, assignments","4-6 hours","Occasionally (2-3 apps at a time)","2 - Light (document editing, web browsing)","No (insufficient for my needs)","Slow boot times;System freezes/lag;Application crashes;Overheating","Frequently (multiple times daily)","Frequently (3-4 hours/week)","Not needed","Mobile broadband (4G/5G dongle)","Faster CPU/Processor;More RAM (memory);Faster storage (SSD upgrade)","More than 3 years ago","Windows Laptop","Must be portable (travel frequently for work)","Cannot run required data science tools properly, need urgent upgrade"
"2026/02/18 11:15:20 AM GMT+5:30","Game Developer","Unity Game Developer","Information Technology (IT)","11-50 (Small to medium)","2-3 years","Hybrid","Gaming Laptop","32 GB","AMD","High-end (i7, Ryzen 7, M2/M3)","AMD Ryzen 7 6800H","8 cores","3.2 GHz","NVMe SSD (Faster PCIe SSD)","1 TB","Mid-range dedicated GPU (RTX 3060, RX 6700 XT)","NVIDIA RTX 3060","6 GB","Windows 11","15 inches","Dual monitors","Unity, Unreal Engine, Blender, VS Code, Photoshop, Git","Large files (100 MB - 1 GB)","Above LKR 300,000","Game development, 3D modeling, testing","8-10 hours","Frequently (6-10 applications at a time)","4 - Heavy (video editing, 3D rendering, VM)","Yes, fully meets my needs","Excessive fan noise;Battery drain (for laptops)","Occasionally (2-3 times per week)","Occasionally (1-2 hours/week)","Yes (UPS)","Fiber broadband (SLT, Dialog Fiber, etc.)","Better graphics card (GPU);More RAM (memory);Larger or faster storage (SSD upgrade)","1-2 years ago","Windows Laptop","No, can be stationary",""
"2026/02/18 11:20:35 AM GMT+5:30","IT Instructor/Trainer","Computer Science Lecturer","Education - Private Institute","51-200 (Medium-sized business)","4-6 years","On-site (at campus/office)","Desktop PC (Standard)","16 GB","Intel","Mid-range (i5, Ryzen 5, M1/M2)","Intel Core i5-11400","6 cores","2.6 GHz","NVMe SSD (Faster PCIe SSD)","512 GB","Integrated graphics (Intel UHD, AMD Radeon)","Intel UHD Graphics 730","Shared","Windows 11","22 inches (external monitor)","Single monitor/screen only","VS Code, IntelliJ IDEA, MS Office, Zoom, OBS, Chrome","Small (Under 10 MB)","LKR 200,000 - 250,000","Teaching, coding demonstrations, content creation","6-8 hours","Frequently (6-10 applications at a time)","2 - Light (document editing, web browsing)","Yes, fully meets my needs","No performance issues","Rarely (once a week or less)","Frequently (3-4 hours/week)","Yes (UPS)","Fiber broadband (SLT, Dialog Fiber, etc.)","More RAM (memory);Larger or faster storage (SSD upgrade)","2-3 years ago","Desktop PC (Tower/Standard)","No, can be stationary",""
"2026/02/18 11:25:50 AM GMT+5:30","Site Reliability Engineer","SRE Engineer","Information Technology (IT)","201-500 (Large organization)","4-6 years","Remote/Work from home","Desktop PC (Custom built)","32 GB","AMD","High-end (i7, Ryzen 7, M2/M3)","AMD Ryzen 7 5800X","8 cores","3.8 GHz","NVMe SSD (Faster PCIe SSD)","1 TB","Mid-range dedicated GPU (RTX 3060, RX 6700 XT)","NVIDIA RTX 3060 Ti","8 GB","Linux (Ubuntu)","24 inches (external monitor)","Dual monitors","Prometheus, Grafana, Kubernetes, Docker, Python, Terminal","Small (Under 10 MB)","Above LKR 300,000","Monitoring, incident response, automation, performance tuning","8-10 hours","Frequently (6-10 applications at a time)","3 - Moderate (programming, data analysis, photo editing)","Yes, fully meets my needs","No performance issues","Never","Occasionally (1-2 hours/week)","Yes (UPS)","Fiber broadband (SLT, Dialog Fiber, etc.)","Faster CPU/Processor;More RAM (memory);Larger or faster storage (SSD upgrade)","1-2 years ago","Desktop PC (Tower/Standard)","No, can be stationary",""
"2026/02/18 11:30:15 AM GMT+5:30","Technical Support Engineer","Support Engineer","Information Technology (IT)","51-200 (Medium-sized business)","2-3 years","On-site (at campus/office)","Standard Laptop","8 GB","Intel","Entry-level (i3, Ryzen 3, M1)","Intel Core i3-10110U","2 cores","2.1 GHz","SATA SSD (Slower SSD)","256 GB","Integrated graphics (Intel UHD, AMD Radeon)","Intel UHD Graphics","Shared","Windows 10","14 inches","Dual monitors","Zendesk, Remote Desktop, TeamViewer, Chrome, MS Office","Small (Under 10 MB)","LKR 150,000 - 200,000","Customer support, troubleshooting, ticket resolution","8-10 hours","Moderately (3-5 applications at a time)","2 - Light (document editing, web browsing)","Partially (some tasks are slow or require workarounds)","System freezes/lag;Application crashes;Slow boot times","Occasionally (2-3 times per week)","Frequently (3-4 hours/week)","Yes (UPS)","Fiber broadband (SLT, Dialog Fiber, etc.)","More RAM (memory);Faster CPU/Processor;Faster storage (SSD upgrade)","2-3 years ago","Windows Laptop","No, can be stationary","Need better multitasking performance"
"2026/02/18 11:35:40 AM GMT+5:30","Embedded Systems Engineer","Firmware Engineer","Information Technology (IT)","51-200 (Medium-sized business)","4-6 years","Hybrid","Desktop PC (Standard)","16 GB","Intel","Mid-range (i5, Ryzen 5, M1/M2)","Intel Core i7-11700","8 cores","2.5 GHz","NVMe SSD (Faster PCIe SSD)","512 GB","Integrated graphics (Intel UHD, AMD Radeon)","Intel UHD Graphics 750","Shared","Windows 10","22 inches (external monitor)","Single monitor/screen only","Keil uVision, IAR Embedded Workbench, VS Code, Arduino IDE, MATLAB","Small (Under 10 MB)","LKR 200,000 - 250,000","Firmware development, hardware debugging, testing","6-8 hours","Moderately (3-5 applications at a time)","2 - Light (document editing, web browsing)","Yes, fully meets my needs","No performance issues","Rarely (once a week or less)","Frequently (3-4 hours/week)","Yes (UPS)","Fiber broadband (SLT, Dialog Fiber, etc.)","More RAM (memory);Larger or faster storage (SSD upgrade)","2-3 years ago","Desktop PC (Tower/Standard)","No, can be stationary",""
"2026/02/18 11:40:55 AM GMT+5:30","University/College Student (CS/IT)","Cybersecurity Undergraduate","Education - University","1000+ (Enterprise)","Less than 1 year","On-site (at campus/office)","Standard Laptop","8 GB","Intel","Entry-level (i3, Ryzen 3, M1)","Intel Core i5-8250U","4 cores","1.6 GHz","SATA SSD (Slower SSD)","256 GB","Integrated graphics (Intel UHD, AMD Radeon)","Intel UHD Graphics 620","Shared","Windows 10","14 inches","Single monitor/screen only","VirtualBox, Kali Linux, Wireshark, VS Code, Chrome","Small (Under 10 MB)","LKR 150,000 - 200,000","Cybersecurity labs, CTF challenges, programming","6-8 hours","Frequently (6-10 applications at a time)","3 - Moderate (programming, data analysis, photo editing)","Partially (some tasks are slow or require workarounds)","System freezes/lag;Overheating;Battery drain (for laptops)","Occasionally (2-3 times per week)","Frequently (3-4 hours/week)","Not needed","Fiber broadband (University WiFi)","More RAM (memory);Faster CPU/Processor;Better cooling","2-3 years ago","Windows Laptop","Must be portable (travel frequently for work)","Struggles to run multiple VMs for security labs"
"2026/02/18 11:45:20 AM GMT+5:30","Product Manager","Technical Product Manager","Information Technology (IT)","201-500 (Large organization)","7-10 years","Hybrid","MacBook or Mac desktop","16 GB","Apple","Mid-range (i5, Ryzen 5, M1/M2)","Apple M1 Pro","8 cores","3.2 GHz","NVMe SSD (Faster PCIe SSD)","512 GB","Integrated graphics (Intel UHD, AMD Radeon)","Apple M1 Pro GPU","Shared","macOS","14 inches","Dual monitors","Jira, Confluence, Figma, MS Office, Slack, Zoom, Analytics tools","Small (Under 10 MB)","Above LKR 300,000","Product strategy, roadmap planning, stakeholder management","6-8 hours","Moderately (3-5 applications at a time)","2 - Light (document editing, web browsing)","Yes, fully meets my needs","No performance issues","Rarely (once a week or less)","Rarely (1-2 hours/month)","Not needed","Fiber broadband (SLT, Dialog Fiber, etc.)","Larger screen;Larger or faster storage (SSD upgrade)","1-2 years ago","MacBook or Mac desktop","Must be portable (travel frequently for work)",""
"2026/02/18 11:50:35 AM GMT+5:30","IT Consultant","IT Consultant - Freelance","Information Technology (IT)","Self-employed/Freelancer","7-10 years","Remote/Work from home","Gaming Laptop","32 GB","AMD","High-end (i7, Ryzen 7, M2/M3)","AMD Ryzen 9 5900HX","8 cores","3.3 GHz","NVMe SSD (Faster PCIe SSD)","1 TB","Mid-range dedicated GPU (RTX 3060, RX 6700 XT)","NVIDIA RTX 3080","8 GB","Windows 11","15 inches","Dual monitors","VS Code, Docker, VirtualBox, Chrome, Slack, Zoom, Office 365","Medium (10 MB - 100 MB)","Above LKR 300,000","Consulting, development, client meetings, documentation","8-10 hours","Frequently (6-10 applications at a time)","3 - Moderate (programming, data analysis, photo editing)","Yes, fully meets my needs","Battery drain (for laptops);Excessive fan noise","Occasionally (2-3 times per week)","Occasionally (1-2 hours/week)","Yes (UPS)","Fiber broadband (Dialog Fiber, SLT)","Larger battery (for laptops);Lighter/more portable (laptops)","1-2 years ago","Windows Laptop","Must be portable (travel frequently for work)","Good performance but heavy to carry around"
"2026/02/18 11:55:50 AM GMT+5:30","Research Assistant (CS/IT)","Research Assistant - AI Lab","Education - University","1000+ (Enterprise)","2-3 years","On-site (at campus/office)","Desktop PC (Custom built)","64 GB","Intel","High-end (i7, Ryzen 7, M2/M3)","Intel Core i9-12900K","16 cores","3.2 GHz","NVMe SSD (Faster PCIe SSD)","2 TB","High-end dedicated GPU (RTX 4070, RX 7800 XT)","NVIDIA RTX 3090","24 GB","Linux (Ubuntu)","24 inches (external monitor)","Single monitor/screen only","Python, TensorFlow, PyTorch, MATLAB, LaTeX, VS Code","Large files (100 MB - 1 GB)","Above LKR 300,000 (University funded)","Research, model training, paper writing, data analysis","8-10 hours","Frequently (6-10 applications at a time)","4 - Heavy (video editing, 3D rendering, VM)","Yes, fully meets my needs","No performance issues","Never","Frequently (3-4 hours/week)","Yes (UPS)","Fiber broadband (University network - LEARN)","More RAM (memory);Better graphics card (GPU);Larger or faster storage (SSD upgrade)","Less than 1 year ago","Desktop PC (Tower/Standard)","No, can be stationary","High-end workstation for AI research"
"2026/02/18 12:00:10 PM GMT+5:30","Network Security Engineer","Network Security Specialist","Information Technology (IT)","201-500 (Large organization)","4-6 years","Hybrid","Standard Laptop","16 GB","Intel","Mid-range (i5, Ryzen 5, M1/M2)","Intel Core i7-1185G7","4 cores","3.0 GHz","NVMe SSD (Faster PCIe SSD)","512 GB","Integrated graphics (Intel UHD, AMD Radeon)","Intel Iris Xe","Shared","Windows 11","14 inches","Dual monitors","Wireshark, Cisco ASDM, Palo Alto Firewall, Putty, VPN clients","Small (Under 10 MB)","LKR 250,000 - 300,000","Firewall management, VPN setup, security monitoring","8-10 hours","Moderately (3-5 applications at a time)","2 - Light (document editing, web browsing)","Yes, fully meets my needs","No performance issues","Rarely (once a week or less)","Frequently (3-4 hours/week)","Yes (UPS)","Fiber broadband (SLT, Dialog Fiber, etc.)","Larger battery (for laptops)","1-2 years ago","Windows Laptop","Must be portable (travel frequently for work)",""
"2026/02/18 12:05:25 PM GMT+5:30","Full Stack Developer (Intern)","Intern Software Engineer","Information Technology (IT)","51-200 (Medium-sized business)","Less than 1 year","Hybrid","Standard Laptop","8 GB","Intel","Entry-level (i3, Ryzen 3, M1)","Intel Core i5-10210U","4 cores","1.6 GHz","SATA SSD (Slower SSD)","256 GB","Integrated graphics (Intel UHD, AMD Radeon)","Intel UHD Graphics","Shared","Windows 10","14 inches","Single monitor/screen only","VS Code, Chrome, Postman, Git, Slack, MS Teams","Small (Under 10 MB)","LKR 150,000 - 200,000","Web development, learning, bug fixes, documentation","6-8 hours","Moderately (3-5 applications at a time)","2 - Light (document editing, web browsing)","Partially (some tasks are slow or require workarounds)","System freezes/lag;Slow boot times;Application crashes","Occasionally (2-3 times per week)","Frequently (3-4 hours/week)","Not needed","Fiber broadband (Office network)","More RAM (memory);Faster storage (SSD upgrade);Faster CPU/Processor","2-3 years ago","Windows Laptop","Must be portable (travel frequently for work)","Company laptop is slow, affects productivity"
"2026/02/18 12:10:40 PM GMT+5:30","IT Manager","IT Manager","Information Technology (IT)","51-200 (Medium-sized business)","10+ years","On-site (at campus/office)","Desktop PC (Standard)","16 GB","Intel","Mid-range (i5, Ryzen 5, M1/M2)","Intel Core i7-12700","12 cores","2.1 GHz","NVMe SSD (Faster PCIe SSD)","512 GB","Integrated graphics (Intel UHD, AMD Radeon)","Intel UHD Graphics 770","Shared","Windows 11","24 inches (external monitor)","Dual monitors","MS Office, Jira, Confluence, Slack, Zoom, monitoring dashboards","Small (Under 10 MB)","LKR 250,000 - 300,000","Team management, budgeting, planning, reporting","6-8 hours","Moderately (3-5 applications at a time)","2 - Light (document editing, web browsing)","Yes, fully meets my needs","No performance issues","Rarely (once a week or less)","Frequently (3-4 hours/week)","Yes (UPS)","Fiber broadband (SLT, Dialog Fiber, etc.)","Larger or faster storage (SSD upgrade);More RAM (memory)","2-3 years ago","Desktop PC (Tower/Standard)","No, can be stationary",""
"2026/02/18 12:15:55 PM GMT+5:30","University/College Student (CS/IT)","MSc in Computer Science Student","Education - University","501-1000 (Large organization)","Less than 1 year","Hybrid","Gaming Laptop","16 GB","Intel","Mid-range (i5, Ryzen 5, M1/M2)","Intel Core i7-10750H","6 cores","2.6 GHz","NVMe SSD (Faster PCIe SSD)","512 GB","Entry-level dedicated GPU (GTX 1650, RX 6500 XT)","NVIDIA GTX 1650","4 GB","Windows 11","15 inches","Single monitor/screen only","VS Code, PyCharm, Jupyter, Docker, VirtualBox, Chrome, Zoom","Medium (10 MB - 100 MB)","LKR 200,000 - 250,000","Coursework, projects, research, online classes","6-8 hours","Frequently (6-10 applications at a time)","3 - Moderate (programming, data analysis, photo editing)","Yes, fully meets my needs","Battery drain (for laptops)","Occasionally (2-3 times per week)","Occasionally (1-2 hours/week)","Yes (UPS)","Fiber broadband (Dialog Fiber, SLT)","Larger battery (for laptops);Lighter/more portable (laptops)","1-2 years ago","Windows Laptop","Must be portable (travel frequently for work)","Good performance for studies, battery could be better"
"2026/02/18 12:20:20 PM GMT+5:30","Salesforce Developer","Salesforce Consultant","Information Technology (IT)","201-500 (Large organization)","2-3 years","Remote/Work from home","Standard Laptop","16 GB","Intel","Mid-range (i5, Ryzen 5, M1/M2)","Intel Core i5-1135G7","4 cores","2.4 GHz","NVMe SSD (Faster PCIe SSD)","512 GB","Integrated graphics (Intel UHD, AMD Radeon)","Intel Iris Xe","Shared","Windows 11","14 inches","Dual monitors","Salesforce, VS Code, Chrome, Postman, Jira, Slack","Small (Under 10 MB)","LKR 200,000 - 250,000","Salesforce development, customization, testing","6-8 hours","Moderately (3-5 applications at a time)","2 - Light (document editing, web browsing)","Yes, fully meets my needs","No performance issues","Rarely (once a week or less)","Occasionally (1-2 hours/week)","Yes (UPS)","Fiber broadband (SLT, Dialog Fiber, etc.)","More RAM (memory);Larger screen","1-2 years ago","Windows Laptop","Must be portable (travel frequently for work)",""
"2026/02/18 12:25:35 PM GMT+5:30","Scrum Master","Agile Coach","Information Technology (IT)","201-500 (Large organization)","7-10 years","Hybrid","MacBook or Mac desktop","16 GB","Apple","Mid-range (i5, Ryzen 5, M1/M2)","Apple M1","8 cores","3.2 GHz","NVMe SSD (Faster PCIe SSD)","512 GB","Integrated graphics (Intel UHD, AMD Radeon)","Apple M1 GPU","Shared","macOS","13 inches","Single monitor/screen only","Jira, Confluence, Miro, Slack, Zoom, MS Office","Small (Under 10 MB)","Above LKR 300,000","Facilitating scrum ceremonies, coaching, reporting","6-8 hours","Moderately (3-5 applications at a time)","1 - Very light (email, web browsing)","Yes, fully meets my needs","No performance issues","Never","Rarely (1-2 hours/month)","Not needed","Fiber broadband (SLT, Dialog Fiber, etc.)","Larger screen;Larger or faster storage (SSD upgrade)","1-2 years ago","MacBook or Mac desktop","Must be portable (travel frequently for work)",""
"2026/02/18 12:30:50 PM GMT+5:30","Bioinformatics Specialist","Bioinformatics Analyst","Healthcare/Medical","1000+ (Enterprise)","4-6 years","Hybrid","Desktop PC (Custom built)","64 GB","AMD","High-end (i7, Ryzen 7, M2/M3)","AMD Ryzen 9 5950X","16 cores","3.4 GHz","NVMe SSD (Faster PCIe SSD)","2 TB","Mid-range dedicated GPU (RTX 3060, RX 6700 XT)","NVIDIA RTX 3060","12 GB","Linux (Ubuntu)","27 inches (external monitor)","Single monitor/screen only","Python, R, Bioconductor, BLAST, Geneious, VS Code","Large files (100 MB - 1 GB)","Above LKR 300,000 (Research grant)","Genetic data analysis, research, visualization","8-10 hours","Frequently (6-10 applications at a time)","4 - Heavy (video editing, 3D rendering, VM)","Yes, fully meets my needs","No performance issues","Rarely (once a week or less)","Occasionally (1-2 hours/week)","Yes (UPS)","Fiber broadband (SLT, Dialog Fiber, etc.)","More RAM (memory);Larger or faster storage (SSD upgrade);Better graphics card (GPU)","1-2 years ago","Desktop PC (Tower/Standard)","No, can be stationary","Need high RAM for large genomic datasets"
"2026/02/18 12:35:15 PM GMT+5:30","IT Procurement Specialist","IT Procurement Officer","Information Technology (IT)","201-500 (Large organization)","4-6 years","On-site (at campus/office)","Standard Laptop","8 GB","Intel","Entry-level (i3, Ryzen 3, M1)","Intel Core i3-1115G4","2 cores","3.0 GHz","SATA SSD (Slower SSD)","256 GB","Integrated graphics (Intel UHD, AMD Radeon)","Intel UHD Graphics","Shared","Windows 10","14 inches","Single monitor/screen only","MS Office, ERP system, Email, Chrome, Procurement software","Small (Under 10 MB)","LKR 150,000 - 200,000","Vendor management, purchasing, inventory tracking","6-8 hours","Occasionally (2-3 apps at a time)","1 - Very light (email, web browsing)","Yes, fully meets my needs","No performance issues","Rarely (once a week or less)","Frequently (3-4 hours/week)","Yes (UPS)","Fiber broadband (SLT, Dialog Fiber, etc.)","Larger or faster storage (SSD upgrade);More RAM (memory)","2-3 years ago","Windows Laptop","No, can be stationary",""
"2026/02/18 12:40:30 PM GMT+5:30","University/College Student (CS/IT)","Information Systems Undergraduate","Education - University","1000+ (Enterprise)","Less than 1 year","On-site (at campus/office)","Budget Laptop","4 GB","Intel","Entry-level (i3, Ryzen 3, M1)","Intel Celeron N4000","2 cores","1.1 GHz","eMMC storage","32 GB","Integrated graphics (Intel UHD, AMD Radeon)","Intel UHD Graphics 600","Shared","Windows 10","14 inches","Single monitor/screen only","Chrome, MS Office, VS Code (basic), Zoom","Small (Under 10 MB)","Under LKR 100,000","Assignments, online classes, basic programming","4-6 hours","Occasionally (2-3 apps at a time)","1 - Very light (email, web browsing)","No (insufficient for my needs)","Slow boot times;System freezes/lag;Application crashes;Overheating","Frequently (multiple times daily)","Frequently (3-4 hours/week)","Not needed","Mobile broadband (4G dongle)","Faster CPU/Processor;More RAM (memory);Faster storage (SSD upgrade)","More than 3 years ago","Windows Laptop","Must be portable (travel frequently for work)","Very slow, can barely run basic applications"
"2026/02/18 12:45:45 PM GMT+5:30","ETL Developer","Data Integration Specialist","Information Technology (IT)","201-500 (Large organization)","4-6 years","Hybrid","Desktop PC (Standard)","32 GB","Intel","High-end (i7, Ryzen 7, M2/M3)","Intel Core i7-11700K","8 cores","3.6 GHz","NVMe SSD (Faster PCIe SSD)","1 TB","Entry-level dedicated GPU (GTX 1650, RX 6500 XT)","NVIDIA GT 1030","2 GB","Windows 11","24 inches (external monitor)","Dual monitors","SSIS, SSMS, Visual Studio, Python, Excel, Oracle SQL Developer","Medium (10 MB - 100 MB)","LKR 250,000 - 300,000","ETL processes, data warehousing, data migration","8-10 hours","Frequently (6-10 applications at a time)","3 - Moderate (programming, data analysis, photo editing)","Yes, fully meets my needs","No performance issues","Rarely (once a week or less)","Frequently (3-4 hours/week)","Yes (UPS)","Fiber broadband (SLT, Dialog Fiber, etc.)","More RAM (memory);Larger or faster storage (SSD upgrade)","2-3 years ago","Desktop PC (Tower/Standard)","No, can be stationary",""
"2026/02/18 12:50:55 PM GMT+5:30","Blockchain Developer","Smart Contract Developer","Information Technology (IT)","11-50 (Small to medium)","2-3 years","Remote/Work from home","Gaming Laptop","32 GB","Intel","High-end (i7, Ryzen 7, M2/M3)","Intel Core i9-11900H","8 cores","2.5 GHz","NVMe SSD (Faster PCIe SSD)","1 TB","Mid-range dedicated GPU (RTX 3060, RX 6700 XT)","NVIDIA RTX 3070","8 GB","Windows 11","15 inches","Dual monitors","VS Code, Remix IDE, Ganache, MetaMask, Node.js, Docker","Small (Under 10 MB)","Above LKR 300,000","Smart contract development, DApp development, testing","6-8 hours","Frequently (6-10 applications at a time)","3 - Moderate (programming, data analysis, photo editing)","Yes, fully meets my needs","Battery drain (for laptops);Excessive fan noise","Occasionally (2-3 times per week)","Rarely (1-2 hours/month)","Not needed","Fiber broadband (Dialog Fiber, SLT)","Larger battery (for laptops);More RAM (memory)","1-2 years ago","Windows Laptop","Must be portable (travel frequently for work)",""
"2026/02/18 12:55:20 PM GMT+5:30","IT Auditor","IT Audit Specialist","Information Technology (IT)","201-500 (Large organization)","7-10 years","Hybrid","Standard Laptop","16 GB","Intel","Mid-range (i5, Ryzen 5, M1/M2)","Intel Core i7-1165G7","4 cores","2.8 GHz","NVMe SSD (Faster PCIe SSD)","512 GB","Integrated graphics (Intel UHD, AMD Radeon)","Intel Iris Xe","Shared","Windows 11","14 inches","Dual monitors","MS Office, ACL Analytics, SAP, Audit software, Chrome","Small (Under 10 MB)","LKR 250,000 - 300,000","IT controls testing, compliance checking, reporting","6-8 hours","Moderately (3-5 applications at a time)","2 - Light (document editing, web browsing)","Yes, fully meets my needs","No performance issues","Rarely (once a week or less)","Frequently (3-4 hours/week)","Yes (UPS)","Fiber broadband (SLT, Dialog Fiber, etc.)","Larger battery (for laptops);Lighter/more portable (laptops)","2-3 years ago","Windows Laptop","Must be portable (travel frequently for work)",""
"2026/02/18 1:00:35 PM GMT+5:30","University/College Student (CS/IT)","Diploma in IT Student","Education - Private Institute","51-200 (Medium-sized business)","Less than 1 year","On-site (at campus/office)","Standard Laptop","8 GB","AMD","Entry-level (i3, Ryzen 3, M1)","AMD Ryzen 3 3250U","2 cores","2.6 GHz","SATA SSD (Slower SSD)","256 GB","Integrated graphics (Intel UHD, AMD Radeon)","AMD Radeon Vega 3","Shared","Windows 11","15 inches","Single monitor/screen only","MS Office, Chrome, VS Code, MySQL, Zoom","Small (Under 10 MB)","LKR 100,000 - 150,000","Learning programming, assignments, online classes","4-6 hours","Moderately (3-5 applications at a time)","2 - Light (document editing, web browsing)","Partially (some tasks are slow or require workarounds)","System freezes/lag;Slow boot times","Occasionally (2-3 times per week)","Frequently (3-4 hours/week)","Not needed","Mobile broadband (4G/5G dongle)","More RAM (memory);Faster CPU/Processor;Faster storage (SSD upgrade)","1-2 years ago","Windows Laptop","Must be portable (travel frequently for work)",""
"2026/02/18 1:05:50 PM GMT+5:30","Telecommunications Engineer","Network Planning Engineer","Telecommunications","1000+ (Enterprise)","4-6 years","Hybrid","Standard Laptop","16 GB","Intel","Mid-range (i5, Ryzen 5, M1/M2)","Intel Core i7-1165G7","4 cores","2.8 GHz","NVMe SSD (Faster PCIe SSD)","512 GB","Integrated graphics (Intel UHD, AMD Radeon)","Intel Iris Xe","Shared","Windows 11","14 inches","Dual monitors","MATLAB, Atoll, MapInfo, MS Office, VPN clients","Small (Under 10 MB)","LKR 250,000 - 300,000","Network planning, RF optimization, coverage analysis","6-8 hours","Moderately (3-5 applications at a time)","2 - Light (document editing, web browsing)","Yes, fully meets my needs","No performance issues","Rarely (once a week or less)","Occasionally (1-2 hours/week)","Yes (UPS)","Fiber broadband (SLT, Dialog Fiber, etc.)","More RAM (memory);Faster CPU/Processor","1-2 years ago","Windows Laptop","Must be portable (travel frequently for work)",""
"2026/02/18 1:10:15 PM GMT+5:30","Technical Writer","Technical Documentation Specialist","Information Technology (IT)","51-200 (Medium-sized business)","2-3 years","Remote/Work from home","Standard Laptop","8 GB","Intel","Entry-level (i3, Ryzen 3, M1)","Intel Core i3-10110U","2 cores","2.1 GHz","SATA SSD (Slower SSD)","256 GB","Integrated graphics (Intel UHD, AMD Radeon)","Intel UHD Graphics","Shared","Windows 10","14 inches","Single monitor/screen only","MS Office, MadCap Flare, Snagit, VS Code, Chrome","Small (Under 10 MB)","LKR 150,000 - 200,000","Documentation, user manuals, API documentation","6-8 hours","Moderately (3-5 applications at a time)","1 - Very light (email, web browsing)","Partially (some tasks are slow or require workarounds)","Application crashes;Slow boot times","Occasionally (2-3 times per week)","Rarely (1-2 hours/month)","Not needed","Fiber broadband (Dialog Fiber, SLT)","Faster CPU/Processor;More RAM (memory);Faster storage (SSD upgrade)","2-3 years ago","Windows Laptop","Must be portable (travel frequently for work)",""
"2026/02/18 1:15:30 PM GMT+5:30","AR/VR Developer","Immersive Tech Developer","Information Technology (IT)","11-50 (Small to medium)","2-3 years","Hybrid","Gaming Laptop","32 GB","Intel","High-end (i7, Ryzen 7, M2/M3)","Intel Core i7-11800H","8 cores","2.3 GHz","NVMe SSD (Faster PCIe SSD)","1 TB","High-end dedicated GPU (RTX 4070, RX 7800 XT)","NVIDIA RTX 3070 Ti","8 GB","Windows 11","15 inches","Single monitor/screen only","Unity, Unreal Engine, Blender, VS Code, Oculus SDK","Large files (100 MB - 1 GB)","Above LKR 300,000","AR/VR app development, 3D modeling, testing","8-10 hours","Frequently (6-10 applications at a time)","4 - Heavy (video editing, 3D rendering, VM)","Yes, fully meets my needs","Excessive fan noise;Battery drain (for laptops)","Occasionally (2-3 times per week)","Occasionally (1-2 hours/week)","Yes (UPS)","Fiber broadband (SLT, Dialog Fiber, etc.)","Better graphics card (GPU);More RAM (memory);Larger or faster storage (SSD upgrade)","1-2 years ago","Windows Laptop","Must be portable (travel frequently for work)","Need powerful GPU for VR development"
"2026/02/18 1:20:45 PM GMT+5:30","Quality Assurance Manager","QA Lead","Information Technology (IT)","201-500 (Large organization)","7-10 years","Hybrid","Standard Laptop","16 GB","Intel","Mid-range (i5, Ryzen 5, M1/M2)","Intel Core i7-1165G7","4 cores","2.8 GHz","NVMe SSD (Faster PCIe SSD)","512 GB","Integrated graphics (Intel UHD, AMD Radeon)","Intel Iris Xe","Shared","Windows 11","14 inches","Dual monitors","JIRA, TestRail, Selenium, Jenkins, MS Office, Slack","Small (Under 10 MB)","LKR 250,000 - 300,000","QA strategy, team management, test planning, reporting","6-8 hours","Moderately (3-5 applications at a time)","2 - Light (document editing, web browsing)","Yes, fully meets my needs","No performance issues","Rarely (once a week or less)","Frequently (3-4 hours/week)","Yes (UPS)","Fiber broadband (SLT, Dialog Fiber, etc.)","Larger battery (for laptops);Larger screen","2-3 years ago","Windows Laptop","Must be portable (travel frequently for work)",""
"2026/02/18 1:25:55 PM GMT+5:30","University/College Student (CS/IT)","IT Undergraduate - Final Year","Education - University","1000+ (Enterprise)","Less than 1 year","On-site (at campus/office)","Standard Laptop","8 GB","Intel","Entry-level (i3, Ryzen 3, M1)","Intel Core i5-8265U","4 cores","1.6 GHz","SATA SSD (Slower SSD)","256 GB","Integrated graphics (Intel UHD, AMD Radeon)","Intel UHD Graphics 620","Shared","Windows 10","14 inches","Single monitor/screen only","VS Code, Android Studio, MS Office, Chrome, Zoom, Figma","Medium (10 MB - 100 MB)","LKR 150,000 - 200,000","Final year project, research, coursework","6-8 hours","Frequently (6-10 applications at a time)","3 - Moderate (programming, data analysis, photo editing)","Partially (some tasks are slow or require workarounds)","System freezes/lag;Overheating;Battery drain (for laptops)","Occasionally (2-3 times per week)","Frequently (3-4 hours/week)","Not needed","Fiber broadband (University WiFi)","More RAM (memory);Faster CPU/Processor;Better cooling","2-3 years ago","Windows Laptop","Must be portable (travel frequently for work)","Struggling with Android Studio and final year project development"
"2026/02/18 1:30:20 PM GMT+5:30","Solutions Architect","Solutions Architect","Information Technology (IT)","201-500 (Large organization)","10+ years","Hybrid","MacBook or Mac desktop","32 GB","Apple","High-end (i7, Ryzen 7, M2/M3)","Apple M2 Max","12 cores","3.7 GHz","NVMe SSD (Faster PCIe SSD)","1 TB","Mid-range dedicated GPU (RTX 3060, RX 6700 XT)","Apple M2 Max GPU","38 GB","macOS","16 inches","Dual monitors","VS Code, Draw.io, Jira, Confluence, Slack, Zoom, AWS Console","Small (Under 10 MB)","Above LKR 300,000","Solution design, architecture review, client meetings","8-10 hours","Frequently (6-10 applications at a time)","3 - Moderate (programming, data analysis, photo editing)","Yes, fully meets my needs","No performance issues","Never","Occasionally (1-2 hours/week)","Not needed","Fiber broadband (SLT, Dialog Fiber, etc.)","Larger or faster storage (SSD upgrade);More RAM (memory)","Less than 1 year ago","MacBook or Mac desktop","Must be portable (travel frequently for work)",""
"2026/02/18 1:35:35 PM GMT+5:30","IT Recruiter","Technical Recruiter","Information Technology (IT)","51-200 (Medium-sized business)","2-3 years","On-site (at campus/office)","Standard Laptop","8 GB","Intel","Entry-level (i3, Ryzen 3, M1)","Intel Core i3-1005G1","2 cores","1.2 GHz","SATA SSD (Slower SSD)","256 GB","Integrated graphics (Intel UHD, AMD Radeon)","Intel UHD Graphics","Shared","Windows 10","14 inches","Single monitor/screen only","LinkedIn, Job portals, MS Office, Zoom, Slack, Email","Small (Under 10 MB)","LKR 150,000 - 200,000","Screening, interviewing, coordination","6-8 hours","Moderately (3-5 applications at a time)","1 - Very light (email, web browsing)","Yes, fully meets my needs","No performance issues","Rarely (once a week or less)","Frequently (3-4 hours/week)","Not needed","Fiber broadband (Office network)","Larger or faster storage (SSD upgrade);More RAM (memory)","2-3 years ago","Windows Laptop","No, can be stationary",""
"2026/02/18 1:40:50 PM GMT+5:30","High Performance Computing Specialist","HPC Engineer","Information Technology (IT)","1000+ (Enterprise)","7-10 years","Hybrid","Desktop PC (Custom built)","128 GB","AMD","High-end (i7, Ryzen 7, M2/M3)","AMD Threadripper PRO 5975WX","32 cores","3.6 GHz","NVMe SSD (Faster PCIe SSD)","4 TB","High-end dedicated GPU (RTX 4070, RX 7800 XT)","NVIDIA RTX A6000","48 GB","Linux (CentOS/RHEL)","27 inches (external monitor)","Dual monitors","Slurm, MPI, CUDA, Python, MATLAB, VS Code","Very large files (Over 1 GB)","Above LKR 300,000 (Company provided)","HPC cluster management, parallel computing, optimization","8-10 hours","Frequently (6-10 applications at a time)","5 - Very Heavy (scientific computing, servers)","Yes, fully meets my needs","No performance issues","Never","Occasionally (1-2 hours/week)","Yes (UPS)","Fiber broadband (SLT Leased Line)","More RAM (memory);Larger or faster storage (SSD upgrade);Better graphics card (GPU)","Less than 1 year ago","Desktop PC (Tower/Standard)","No, can be stationary","Workstation for HPC development and testing"
"2026/02/18 1:45:15 PM GMT+5:30","University/College Student (CS/IT)","CS Undergraduate - Part Time","Education - University","501-1000 (Large organization)","Less than 1 year","Hybrid","Budget Laptop","4 GB","Intel","Entry-level (i3, Ryzen 3, M1)","Intel Pentium Gold 4417U","2 cores","2.3 GHz","HDD (Mechanical hard drive)","500 GB","Integrated graphics (Intel UHD, AMD Radeon)","Intel HD Graphics 610","Shared","Windows 10","15 inches","Single monitor/screen only","Chrome, MS Office, VS Code, Zoom","Small (Under 10 MB)","Under LKR 100,000","Assignments, online classes, basic coding","4-6 hours","Occasionally (2-3 apps at a time)","1 - Very light (email, web browsing)","No (insufficient for my needs)","Slow boot times;System freezes/lag;Application crashes;Overheating","Frequently (multiple times daily)","Frequently (3-4 hours/week)","Not needed","Mobile broadband (4G dongle)","Faster CPU/Processor;More RAM (memory);Faster storage (SSD upgrade)","More than 3 years ago","Windows Laptop","Must be portable (travel frequently for work)","Very slow and outdated, urgently need replacement"
"2026/02/18 1:50:30 PM GMT+5:30","Data Engineer","Data Engineer","Information Technology (IT)","201-500 (Large organization)","4-6 years","Remote/Work from home","Desktop PC (Custom built)","64 GB","AMD","High-end (i7, Ryzen 7, M2/M3)","AMD Ryzen 9 5900X","12 cores","3.7 GHz","NVMe SSD (Faster PCIe SSD)","2 TB","Mid-range dedicated GPU (RTX 3060, RX 6700 XT)","NVIDIA RTX 3060","12 GB","Windows 11/Linux dual boot","27 inches (external monitor)","Dual monitors","Python, Spark, SQL, Docker, Airflow, VS Code, Jupyter","Large files (100 MB - 1 GB)","Above LKR 300,000","Data pipeline development, ETL, data warehousing","8-10 hours","Frequently (6-10 applications at a time)","4 - Heavy (video editing, 3D rendering, VM)","Yes, fully meets my needs","No performance issues","Never","Occasionally (1-2 hours/week)","Yes (UPS)","Fiber broadband (SLT, Dialog Fiber, etc.)","More RAM (memory);Larger or faster storage (SSD upgrade)","1-2 years ago","Desktop PC (Tower/Standard)","No, can be stationary",""
"2026/02/18 1:55:45 PM GMT+5:30","IT Operations Manager","IT Ops Manager","Information Technology (IT)","51-200 (Medium-sized business)","7-10 years","On-site (at campus/office)","Desktop PC (Standard)","16 GB","Intel","Mid-range (i5, Ryzen 5, M1/M2)","Intel Core i7-10700","8 cores","2.9 GHz","NVMe SSD (Faster PCIe SSD)","512 GB","Integrated graphics (Intel UHD, AMD Radeon)","Intel UHD Graphics 630","Shared","Windows 11","22 inches (external monitor)","Dual monitors","MS Office, Jira, Confluence, monitoring tools, Slack, Zoom","Small (Under 10 MB)","LKR 250,000 - 300,000","Operations management, team coordination, reporting","6-8 hours","Moderately (3-5 applications at a time)","2 - Light (document editing, web browsing)","Yes, fully meets my needs","No performance issues","Rarely (once a week or less)","Frequently (3-4 hours/week)","Yes (UPS)","Fiber broadband (SLT, Dialog Fiber, etc.)","More RAM (memory);Larger or faster storage (SSD upgrade)","2-3 years ago","Desktop PC (Tower/Standard)","No, can be stationary",""
"2026/02/18 2:00:55 PM GMT+5:30","Frontend Developer (Junior)","Junior Frontend Developer","Information Technology (IT)","11-50 (Small to medium)","1-2 years","Remote/Work from home","Standard Laptop","8 GB","Intel","Entry-level (i3, Ryzen 3, M1)","Intel Core i3-1115G4","2 cores","3.0 GHz","SATA SSD (Slower SSD)","256 GB","Integrated graphics (Intel UHD, AMD Radeon)","Intel UHD Graphics","Shared","Windows 11","14 inches","Single monitor/screen only","VS Code, Chrome, Figma, Git, Slack, Zoom","Small (Under 10 MB)","LKR 150,000 - 200,000","Frontend development, bug fixes, learning","6-8 hours","Moderately (3-5 applications at a time)","2 - Light (document editing, web browsing)","Partially (some tasks are slow or require workarounds)","System freezes/lag;Slow boot times","Occasionally (2-3 times per week)","Rarely (1-2 hours/month)","Not needed","Fiber broadband (Dialog Fiber, SLT)","More RAM (memory);Faster CPU/Processor;Faster storage (SSD upgrade)","1-2 years ago","Windows Laptop","Must be portable (travel frequently for work)",""
"2026/02/18 2:05:20 PM GMT+5:30","Bioinformatician (Research)","Computational Biologist","Research Institute","51-200 (Medium-sized business)","4-6 years","Hybrid","Desktop PC (Custom built)","128 GB","AMD","High-end (i7, Ryzen 7, M2/M3)","AMD Ryzen Threadripper 3960X","24 cores","3.8 GHz","NVMe SSD (Faster PCIe SSD)","4 TB","High-end dedicated GPU (RTX 4070, RX 7800 XT)","NVIDIA RTX 3080 Ti","12 GB","Linux (Ubuntu)","27 inches (external monitor)","Dual monitors","Python, R, BLAST, Bowtie2, Cufflinks, VS Code, Jupyter","Very large files (Over 1 GB)","Above LKR 300,000 (Research grant)","Genomic analysis, RNA-seq, variant calling","8-10 hours","Frequently (6-10 applications at a time)","5 - Very Heavy (scientific computing, servers)","Yes, fully meets my needs","No performance issues","Never","Occasionally (1-2 hours/week)","Yes (UPS)","Fiber broadband (LEARN)","More RAM (memory);Larger or faster storage (SSD upgrade)","1-2 years ago","Desktop PC (Tower/Standard)","No, can be stationary","Need high core count CPU for parallel processing"
"2026/02/18 2:10:35 PM GMT+5:30","University/College Student (CS/IT)","MSc in AI Student","Education - University","1000+ (Enterprise)","Less than 1 year","On-site (at campus/office)","Gaming Laptop","16 GB","Intel","Mid-range (i5, Ryzen 5, M1/M2)","Intel Core i7-9750H","6 cores","2.6 GHz","NVMe SSD (Faster PCIe SSD)","512 GB","Entry-level dedicated GPU (GTX 1650, RX 6500 XT)","NVIDIA GTX 1660 Ti","6 GB","Windows 11","15 inches","Single monitor/screen only","Python, TensorFlow, PyTorch, Jupyter, VS Code, Chrome","Large files (100 MB - 1 GB)","LKR 200,000 - 250,000","AI coursework, model training, research","6-8 hours","Frequently (6-10 applications at a time)","4 - Heavy (video editing, 3D rendering, VM)","Partially (some tasks are slow or require workarounds)","Overheating;Battery drain (for laptops);Excessive fan noise","Occasionally (2-3 times per week)","Frequently (3-4 hours/week)","Not needed","Fiber broadband (University WiFi)","Better graphics card (GPU);More RAM (memory);Better cooling","1-2 years ago","Windows Laptop","Must be portable (travel frequently for work)","GPU not powerful enough for deep learning, thermal throttling issues"
"2026/02/18 2:15:50 PM GMT+5:30","SharePoint Developer","SharePoint Specialist","Information Technology (IT)","201-500 (Large organization)","4-6 years","Hybrid","Standard Laptop","16 GB","Intel","Mid-range (i5, Ryzen 5, M1/M2)","Intel Core i7-1165G7","4 cores","2.8 GHz","NVMe SSD (Faster PCIe SSD)","512 GB","Integrated graphics (Intel UHD, AMD Radeon)","Intel Iris Xe","Shared","Windows 11","14 inches","Dual monitors","SharePoint, PowerApps, Power Automate, VS Code, MS Office","Small (Under 10 MB)","LKR 250,000 - 300,000","SharePoint development, workflow automation, administration","6-8 hours","Moderately (3-5 applications at a time)","2 - Light (document editing, web browsing)","Yes, fully meets my needs","No performance issues","Rarely (once a week or less)","Frequently (3-4 hours/week)","Yes (UPS)","Fiber broadband (SLT, Dialog Fiber, etc.)","More RAM (memory);Larger screen","2-3 years ago","Windows Laptop","No, can be stationary",""
"2026/02/18 2:20:15 PM GMT+5:30","IT Risk Manager","IT Risk Analyst","Information Technology (IT)","201-500 (Large organization)","7-10 years","Hybrid","Standard Laptop","16 GB","Intel","Mid-range (i5, Ryzen 5, M1/M2)","Intel Core i5-1145G7","4 cores","2.6 GHz","NVMe SSD (Faster PCIe SSD)","512 GB","Integrated graphics (Intel UHD, AMD Radeon)","Intel Iris Xe","Shared","Windows 11","14 inches","Dual monitors","MS Office, Risk management software, Jira, Confluence, Email","Small (Under 10 MB)","LKR 250,000 - 300,000","Risk assessment, compliance, reporting","6-8 hours","Moderately (3-5 applications at a time)","1 - Very light (email, web browsing)","Yes, fully meets my needs","No performance issues","Rarely (once a week or less)","Frequently (3-4 hours/week)","Yes (UPS)","Fiber broadband (SLT, Dialog Fiber, etc.)","Larger battery (for laptops);Lighter/more portable (laptops)","2-3 years ago","Windows Laptop","Must be portable (travel frequently for work)",""
"2026/02/18 2:25:30 PM GMT+5:30","Computer Vision Engineer","Computer Vision Engineer","Information Technology (IT)","51-200 (Medium-sized business)","4-6 years","Remote/Work from home","Desktop PC (Custom built)","64 GB","Intel","High-end (i7, Ryzen 7, M2/M3)","Intel Core i9-12900K","16 cores","3.2 GHz","NVMe SSD (Faster PCIe SSD)","2 TB","High-end dedicated GPU (RTX 4070, RX 7800 XT)","NVIDIA RTX 4090","24 GB","Windows 11/Linux dual boot","27 inches (external monitor)","Dual monitors","Python, OpenCV, TensorFlow, PyTorch, CUDA, VS Code","Large files (100 MB - 1 GB)","Above LKR 300,000","Computer vision algorithm development, model training","8-10 hours","Frequently (6-10 applications at a time)","4 - Heavy (video editing, 3D rendering, VM)","Yes, fully meets my needs","No performance issues","Never","Occasionally (1-2 hours/week)","Yes (UPS)","Fiber broadband (SLT, Dialog Fiber, etc.)","Better graphics card (GPU);More RAM (memory);Larger or faster storage (SSD upgrade)","Less than 1 year ago","Desktop PC (Tower/Standard)","No, can be stationary","High-end GPU essential for computer vision work"
"2026/02/18 2:30:45 PM GMT+5:30","University/College Student (CS/IT)","IT Student - Vocational Training","Education - Vocational Institute","11-50 (Small to medium)","Less than 1 year","On-site (at campus/office)","Budget Laptop","4 GB","Intel","Entry-level (i3, Ryzen 3, M1)","Intel Celeron N4020","2 cores","1.1 GHz","eMMC storage","64 GB","Integrated graphics (Intel UHD, AMD Radeon)","Intel UHD Graphics 600","Shared","Windows 10","14 inches","Single monitor/screen only","MS Office, Chrome, Basic coding software","Small (Under 10 MB)","Under LKR 100,000","Learning basic IT skills, assignments, online classes","4-6 hours","Occasionally (2-3 apps at a time)","1 - Very light (email, web browsing)","No (insufficient for my needs)","Slow boot times;System freezes/lag;Application crashes;Overheating","Frequently (multiple times daily)","Frequently (3-4 hours/week)","Not needed","Mobile broadband (4G dongle)","Faster CPU/Processor;More RAM (memory);Faster storage (SSD upgrade)","More than 3 years ago","Windows Laptop","Must be portable (travel frequently for work)","Very basic laptop, struggles with even simple tasks"
"2026/02/18 2:35:55 PM GMT+5:30","Sitecore Developer","Sitecore Developer","Information Technology (IT)","51-200 (Medium-sized business)","2-3 years","Hybrid","Standard Laptop","16 GB","Intel","Mid-range (i5, Ryzen 5, M1/M2)","Intel Core i7-1165G7","4 cores","2.8 GHz","NVMe SSD (Faster PCIe SSD)","512 GB","Integrated graphics (Intel UHD, AMD Radeon)","Intel Iris Xe","Shared","Windows 11","14 inches","Dual monitors","Visual Studio, Sitecore, SQL Server, Git, Chrome, Jira","Medium (10 MB - 100 MB)","LKR 200,000 - 250,000","Sitecore development, customization, deployment","6-8 hours","Frequently (6-10 applications at a time)","3 - Moderate (programming, data analysis, photo editing)","Yes, fully meets my needs","No performance issues","Rarely (once a week or less)","Frequently (3-4 hours/week)","Yes (UPS)","Fiber broadband (SLT, Dialog Fiber, etc.)","More RAM (memory);Faster CPU/Processor","1-2 years ago","Windows Laptop","No, can be stationary",""
"2026/02/18 2:40:20 PM GMT+5:30","IT Compliance Officer","IT Compliance Officer","Information Technology (IT)","201-500 (Large organization)","4-6 years","On-site (at campus/office)","Standard Laptop","8 GB","Intel","Entry-level (i3, Ryzen 3, M1)","Intel Core i5-10210U","4 cores","1.6 GHz","SATA SSD (Slower SSD)","256 GB","Integrated graphics (Intel UHD, AMD Radeon)","Intel UHD Graphics","Shared","Windows 10","14 inches","Single monitor/screen only","MS Office, Compliance software, Email, Chrome, PDF readers","Small (Under 10 MB)","LKR 150,000 - 200,000","Compliance checking, documentation, audits","6-8 hours","Occasionally (2-3 apps at a time)","1 - Very light (email, web browsing)","Yes, fully meets my needs","No performance issues","Rarely (once a week or less)","Frequently (3-4 hours/week)","Yes (UPS)","Fiber broadband (SLT, Dialog Fiber, etc.)","Larger or faster storage (SSD upgrade);More RAM (memory)","2-3 years ago","Windows Laptop","No, can be stationary",""
"2026/02/18 2:45:35 PM GMT+5:30","IT Trainer (Corporate)","Corporate IT Trainer","Information Technology (IT)","51-200 (Medium-sized business)","4-6 years","On-site (at campus/office)","Standard Laptop","16 GB","Intel","Mid-range (i5, Ryzen 5, M1/M2)","Intel Core i7-1165G7","4 cores","2.8 GHz","NVMe SSD (Faster PCIe SSD)","512 GB","Integrated graphics (Intel UHD, AMD Radeon)","Intel Iris Xe","Shared","Windows 11","15 inches","Dual monitors","MS Office, VS Code, Zoom, OBS, Training software, Chrome","Small (Under 10 MB)","LKR 200,000 - 250,000","Training delivery, content creation, demonstrations","6-8 hours","Moderately (3-5 applications at a time)","2 - Light (document editing, web browsing)","Yes, fully meets my needs","No performance issues","Rarely (once a week or less)","Frequently (3-4 hours/week)","Yes (UPS)","Fiber broadband (SLT, Dialog Fiber, etc.)","Larger screen;Larger or faster storage (SSD upgrade)","1-2 years ago","Windows Laptop","Must be portable (travel frequently for work)",""
"2026/02/18 2:50:50 PM GMT+5:30","Natural Language Processing Engineer","NLP Engineer","Information Technology (IT)","51-200 (Medium-sized business)","4-6 years","Remote/Work from home","Desktop PC (Custom built)","64 GB","AMD","High-end (i7, Ryzen 7, M2/M3)","AMD Ryzen 9 5950X","16 cores","3.4 GHz","NVMe SSD (Faster PCIe SSD)","2 TB","High-end dedicated GPU (RTX 4070, RX 7800 XT)","NVIDIA RTX 3080","10 GB","Linux (Ubuntu)","27 inches (external monitor)","Dual monitors","Python, PyTorch, Transformers, spaCy, Jupyter, VS Code","Large files (100 MB - 1 GB)","Above LKR 300,000","NLP model development, training, fine-tuning","8-10 hours","Frequently (6-10 applications at a time)","4 - Heavy (video editing, 3D rendering, VM)","Yes, fully meets my needs","No performance issues","Never","Occasionally (1-2 hours/week)","Yes (UPS)","Fiber broadband (SLT, Dialog Fiber, etc.)","More RAM (memory);Better graphics card (GPU);Larger or faster storage (SSD upgrade)","1-2 years ago","Desktop PC (Tower/Standard)","No, can be stationary","Need powerful GPU for training large language models"
"2026/02/18 2:55:15 PM GMT+5:30","University/College Student (CS/IT)","CS Undergraduate - Freshman","Education - University","1000+ (Enterprise)","Less than 1 year","On-site (at campus/office)","Standard Laptop","8 GB","Intel","Entry-level (i3, Ryzen 3, M1)","Intel Core i3-1005G1","2 cores","1.2 GHz","SATA SSD (Slower SSD)","256 GB","Integrated graphics (Intel UHD, AMD Radeon)","Intel UHD Graphics","Shared","Windows 11","14 inches","Single monitor/screen only","VS Code, Chrome, MS Office, Zoom, Discord","Small (Under 10 MB)","LKR 100,000 - 150,000","Introductory programming, assignments, online classes","4-6 hours","Moderately (3-5 applications at a time)","2 - Light (document editing, web browsing)","Partially (some tasks are slow or require workarounds)","System freezes/lag;Slow boot times","Occasionally (2-3 times per week)","Frequently (3-4 hours/week)","Not needed","Fiber broadband (University WiFi)","More RAM (memory);Faster CPU/Processor;Faster storage (SSD upgrade)","1-2 years ago","Windows Laptop","Must be portable (travel frequently for work)",""
"2026/02/18 3:00:30 PM GMT+5:30","IT Infrastructure Manager","Infrastructure Manager","Information Technology (IT)","201-500 (Large organization)","7-10 years","On-site (at campus/office)","Desktop PC (Standard)","16 GB","Intel","Mid-range (i5, Ryzen 5, M1/M2)","Intel Core i7-10700","8 cores","2.9 GHz","NVMe SSD (Faster PCIe SSD)","512 GB","Integrated graphics (Intel UHD, AMD Radeon)","Intel UHD Graphics 630","Shared","Windows 11","22 inches (external monitor)","Dual monitors","VMware vSphere, Monitoring tools, MS Office, PowerShell","Small (Under 10 MB)","LKR 250,000 - 300,000","Infrastructure management, capacity planning, team leadership","8-10 hours","Moderately (3-5 applications at a time)","2 - Light (document editing, web browsing)","Yes, fully meets my needs","No performance issues","Rarely (once a week or less)","Frequently (3-4 hours/week)","Yes (UPS)","Fiber broadband (SLT Leased Line)","More RAM (memory);Larger or faster storage (SSD upgrade)","2-3 years ago","Desktop PC (Tower/Standard)","No, can be stationary",""
"2026/02/18 3:05:45 PM GMT+5:30","Robotics Engineer","Robotics Software Engineer","Information Technology (IT)","51-200 (Medium-sized business)","4-6 years","Hybrid","Gaming Laptop","32 GB","Intel","High-end (i7, Ryzen 7, M2/M3)","Intel Core i7-11800H","8 cores","2.3 GHz","NVMe SSD (Faster PCIe SSD)","1 TB","Mid-range dedicated GPU (RTX 3060, RX 6700 XT)","NVIDIA RTX 3060","6 GB","Windows 11/Linux dual boot","15 inches","Single monitor/screen only","ROS, Gazebo, Python, C++, MATLAB, VS Code, SolidWorks","Medium (10 MB - 100 MB)","Above LKR 300,000","Robotics software development, simulation, testing","8-10 hours","Frequently (6-10 applications at a time)","4 - Heavy (video editing, 3D rendering, VM)","Yes, fully meets my needs","Battery drain (for laptops);Excessive fan noise","Occasionally (2-3 times per week)","Occasionally (1-2 hours/week)","Yes (UPS)","Fiber broadband (SLT, Dialog Fiber, etc.)","More RAM (memory);Better graphics card (GPU);Larger battery (for laptops)","1-2 years ago","Windows Laptop","Must be portable (travel frequently for work)","Need powerful laptop for robotics simulations"
"2026/02/18 3:10:55 PM GMT+5:30","IT Asset Manager","IT Asset Manager","Information Technology (IT)","201-500 (Large organization)","4-6 years","Hybrid","Standard Laptop","8 GB","Intel","Entry-level (i3, Ryzen 3, M1)","Intel Core i5-10210U","4 cores","1.6 GHz","SATA SSD (Slower SSD)","256 GB","Integrated graphics (Intel UHD, AMD Radeon)","Intel UHD Graphics","Shared","Windows 10","14 inches","Single monitor/screen only","MS Office, Asset management software, Excel, Email","Small (Under 10 MB)","LKR 150,000 - 200,000","Asset tracking, inventory management, reporting","6-8 hours","Occasionally (2-3 apps at a time)","1 - Very light (email, web browsing)","Yes, fully meets my needs","No performance issues","Rarely (once a week or less)","Frequently (3-4 hours/week)","Yes (UPS)","Fiber broadband (SLT, Dialog Fiber, etc.)","Larger or faster storage (SSD upgrade);More RAM (memory)","2-3 years ago","Windows Laptop","No, can be stationary",""
"2026/02/18 3:15:20 PM GMT+5:30","University/College Student (CS/IT)","HND IT Student","Education - Private Institute","51-200 (Medium-sized business)","Less than 1 year","On-site (at campus/office)","Budget Laptop","4 GB","AMD","Entry-level (i3, Ryzen 3, M1)","AMD A4-9120e","2 cores","1.5 GHz","HDD (Mechanical hard drive)","500 GB","Integrated graphics (Intel UHD, AMD Radeon)","AMD Radeon R2","Shared","Windows 10","15 inches","Single monitor/screen only","MS Office, Chrome, VS Code (basic), Zoom","Small (Under 10 MB)","Under LKR 100,000","Assignments, online classes, basic programming","4-6 hours","Occasionally (2-3 apps at a time)","1 - Very light (email, web browsing)","No (insufficient for my needs)","Slow boot times;System freezes/lag;Application crashes;Overheating","Frequently (multiple times daily)","Frequently (3-4 hours/week)","Not needed","Mobile broadband (4G dongle)","Faster CPU/Processor;More RAM (memory);Faster storage (SSD upgrade)","More than 3 years ago","Windows Laptop","Must be portable (travel frequently for work)","Very slow, can't run required software properly"
"2026/02/18 3:20:35 PM GMT+5:30","GIS Developer","Geospatial Developer","Information Technology (IT)","51-200 (Medium-sized business)","2-3 years","Hybrid","Desktop PC (Custom built)","32 GB","Intel","High-end (i7, Ryzen 7, M2/M3)","Intel Core i7-11700K","8 cores","3.6 GHz","NVMe SSD (Faster PCIe SSD)","1 TB","Mid-range dedicated GPU (RTX 3060, RX 6700 XT)","NVIDIA RTX 3060","12 GB","Windows 11","24 inches (external monitor)","Dual monitors","ArcGIS, QGIS, Python, PostGIS, VS Code, Chrome","Large files (100 MB - 1 GB)","LKR 250,000 - 300,000","GIS application development, spatial analysis, mapping","6-8 hours","Frequently (6-10 applications at a time)","3 - Moderate (programming, data analysis, photo editing)","Yes, fully meets my needs","No performance issues","Rarely (once a week or less)","Occasionally (1-2 hours/week)","Yes (UPS)","Fiber broadband (SLT, Dialog Fiber, etc.)","More RAM (memory);Larger or faster storage (SSD upgrade)","1-2 years ago","Desktop PC (Tower/Standard)","No, can be stationary",""
"2026/02/18 3:25:50 PM GMT+5:30","IT Vendor Manager","Vendor Management Specialist","Information Technology (IT)","201-500 (Large organization)","7-10 years","Hybrid","Standard Laptop","8 GB","Intel","Entry-level (i3, Ryzen 3, M1)","Intel Core i5-1035G1","4 cores","1.0 GHz","SATA SSD (Slower SSD)","256 GB","Integrated graphics (Intel UHD, AMD Radeon)","Intel UHD Graphics","Shared","Windows 11","14 inches","Single monitor/screen only","MS Office, Procurement software, Email, Chrome, Zoom","Small (Under 10 MB)","LKR 150,000 - 200,000","Vendor relationship management, contract negotiation","6-8 hours","Occasionally (2-3 apps at a time)","1 - Very light (email, web browsing)","Yes, fully meets my needs","No performance issues","Rarely (once a week or less)","Frequently (3-4 hours/week)","Yes (UPS)","Fiber broadband (SLT, Dialog Fiber, etc.)","Larger screen;Larger or faster storage (SSD upgrade)","2-3 years ago","Windows Laptop","No, can be stationary",""
"2026/02/18 3:30:15 PM GMT+5:30","Quantitative Developer","Quant Developer","Finance/Banking","201-500 (Large organization)","4-6 years","Hybrid","Desktop PC (Custom built)","64 GB","Intel","High-end (i7, Ryzen 7, M2/M3)","Intel Core i9-12900K","16 cores","3.2 GHz","NVMe SSD (Faster PCIe SSD)","2 TB","High-end dedicated GPU (RTX 4070, RX 7800 XT)","NVIDIA RTX 4080","16 GB","Windows 11/Linux dual boot","27 inches (external monitor)","Triple monitors","Python, C++, R, MATLAB, VS Code, Bloomberg Terminal","Large files (100 MB - 1 GB)","Above LKR 300,000","Algorithmic trading, financial modeling, data analysis","8-10 hours","Frequently (6-10 applications at a time)","4 - Heavy (video editing, 3D rendering, VM)","Yes, fully meets my needs","No performance issues","Never","Rarely (1-2 hours/month)","Yes (UPS)","Fiber broadband (SLT Leased Line)","Faster CPU/Processor;More RAM (memory);Better graphics card (GPU)","Less than 1 year ago","Desktop PC (Tower/Standard)","No, can be stationary","Need high performance for backtesting and simulations"
"2026/02/18 3:35:30 PM GMT+5:30","University/College Student (CS/IT)","MSc in Data Science Student","Education - University","1000+ (Enterprise)","Less than 1 year","Hybrid","Gaming Laptop","16 GB","AMD","Mid-range (i5, Ryzen 5, M1/M2)","AMD Ryzen 7 4800H","8 cores","2.9 GHz","NVMe SSD (Faster PCIe SSD)","512 GB","Entry-level dedicated GPU (GTX 1650, RX 6500 XT)","NVIDIA GTX 1650","4 GB","Windows 11","15 inches","Single monitor/screen only","Python, R, Jupyter, TensorFlow, VS Code, Tableau, Chrome","Large files (100 MB - 1 GB)","LKR 200,000 - 250,000","Data science coursework, projects, research","6-8 hours","Frequently (6-10 applications at a time)","3 - Moderate (programming, data analysis, photo editing)","Partially (some tasks are slow or require workarounds)","Overheating;Battery drain (for laptops);Excessive fan noise","Occasionally (2-3 times per week)","Frequently (3-4 hours/week)","Not needed","Fiber broadband (University WiFi)","More RAM (memory);Better graphics card (GPU);Better cooling","1-2 years ago","Windows Laptop","Must be portable (travel frequently for work)","Good for coursework but struggles with large datasets",""
"Timestamp","What is your primary job role/category?","If comfortable, please specify your exact job title (Optional):","What industry/sector do you work in?","Company size (number of employees)","How many years of work experience do you have?","Work arrangement","What type of computer do you primarily use for work?","RAM (Memory) capacity","Processor (CPU) brand","Processor performance tier (if known)","Specific processor model (Optional - Example: Intel Core i7-13700K, AMD Ryzen 7 5800X, Apple M2):","Number of CPU cores","Processor base speed (GHz)","Primary storage type","Total storage capacity","Graphics card (GPU) type","If you have a dedicated graphics card, specify the model (Optional - Example: NVIDIA RTX 4060, AMD Radeon RX 7600):","Graphics card memory (VRAM)","Operating system","Screen size (for laptops/all-in-ones)","Do you use multiple monitors?","What software/applications do you use regularly?","What is the typical size of files you work with?","What is your budget for a PC?","Primary work activities","How many hours per day do you use your PC for work?","Do you run multiple applications simultaneously?","Rate the intensity of your typical workload:","Is your current PC sufficient for your work requirements?","What performance issues do you experience?","How often does your PC slow down or struggle during work?","Do you experience power interruptions at your location?","Do you use a UPS or generator?","What type of internet connection do you use for work?","If you could upgrade your PC, what would you prioritize?","When was your current PC purchased or assigned to you?","PC form factor preference?","Portability requirement?","Any additional comments about your PC specifications, work requirements, or suggestions for the PC recommendation system?"
"2026/02/18 7:35:12 AM GMT+5:30","University/College Student (CS/IT)","Cybersecurity Freshman","Education - University","1000+ (Enterprise)","Less than 1 year","On-site","Budget Laptop","8 GB","AMD","Entry-level (i3, Ryzen 3, M1)","AMD Ryzen 3 7320U","4 cores","2.4 GHz","SATA SSD","256 GB","Integrated graphics","AMD Radeon 610M","Shared","Windows 11","14 inches","Single monitor/screen only","VirtualBox, Kali Linux, Wireshark, Chrome","Small (Under 10 MB)","Under LKR 150,000","Labs, CTFs, basic security tools","4-6 hours","Moderately (3-5 apps)","2 - Light","No","Very slow VMs;Overheating","Frequently (daily)","Frequently (4+ hours/week)","No","University WiFi + 4G","More RAM;Faster CPU;SSD upgrade","3+ years ago","Windows Laptop","Must be portable","Barely runs VMs for labs – urgent upgrade needed"
"2026/02/18 8:05:40 AM GMT+5:30","Software Tester (Manual)","QA Tester","Information Technology (IT)","51-200","2-3 years","Hybrid","Standard Laptop","8 GB","Intel","Entry-level","Intel Core i3-1215U","6 cores","1.2 GHz","NVMe SSD","256 GB","Integrated","Intel UHD","Shared","Windows 11","14 inches","Dual monitors","JIRA, TestRail, BrowserStack, Chrome","Small (Under 10 MB)","LKR 150,000 - 220,000","Manual testing, bug reporting","6-8 hours","Moderately","2 - Light","Partially","Lag when running parallel browsers","Occasionally","Occasionally (2-3 h/week)","Yes (UPS)","Dialog Fiber","More RAM;Faster storage","2 years ago","Windows Laptop","No, stationary ok","Need smoother multi-browser testing"
"2026/02/18 8:40:55 AM GMT+5:30","Content Creator / YouTuber","Tech Reviewer (Freelance)","Media/Content Creation","Self-employed","3-5 years","Remote","Gaming Laptop","32 GB","AMD","High-end","AMD Ryzen 7 7840HS","8 cores","3.8 GHz","NVMe SSD","1 TB","Mid-range dedicated","NVIDIA RTX 4060","8 GB","Windows 11","16 inches","Dual monitors","Premiere Pro, DaVinci Resolve, OBS, Photoshop","Large (100 MB - 1 GB)","Above LKR 350,000","Video editing, rendering, streaming","8-10 hours","Frequently (6-10)","4 - Heavy","Yes","Long render times sometimes","Rarely","Rarely","Yes (UPS)","SLT Fiber","Better GPU;More storage","8 months ago","Windows Laptop","Must be portable","Good for 1080p but want 4K smoother"
"2026/02/18 9:05:20 AM GMT+5:30","Accounts Assistant (with Excel heavy)","Finance Assistant","Finance/Banking","201-500","4-6 years","On-site","Standard Laptop","16 GB","Intel","Mid-range","Intel Core i5-1235U","10 cores","1.3 GHz","NVMe SSD","512 GB","Integrated","Intel Iris Xe","Shared","Windows 11","15 inches","Dual monitors","Excel (advanced), Tally, QuickBooks","Medium (10-100 MB)","LKR 180,000 - 250,000","Financial reporting, data entry","7-9 hours","Frequently","3 - Moderate","Yes","Slow with large spreadsheets","Occasionally","Rarely","Yes (UPS)","Office Fiber","More RAM","1.5 years ago","Windows Laptop","No, stationary","Excel crashes less now but still lags on big files"
"2026/02/18 9:50:30 AM GMT+5:30","Flutter Developer (Mid)","Mobile Developer","Information Technology (IT)","11-50","3-5 years","Remote","MacBook","16 GB","Apple","Mid-range","Apple M2","8 cores","3.5 GHz","NVMe SSD","512 GB","Integrated","Apple GPU","Shared","macOS Ventura","14 inches","Dual monitors","VS Code, Android Studio, Xcode, Figma","Medium (10-100 MB)","Above LKR 300,000","App development, debugging","8 hours","Frequently","3 - Moderate","Yes","Emulator lag occasionally","Never","Rarely","Not needed","Dialog Fiber","More storage","1 year ago","MacBook","Must be portable","Stable but storage fills fast with simulators"
"2026/02/18 10:15:45 AM GMT+5:30","School IT Teacher","ICT Teacher (O/L)","Education - School","51-200","5-8 years","On-site","Standard Laptop","8 GB","Intel","Entry-level","Intel Core i5-1135G7","4 cores","2.4 GHz","SATA SSD","256 GB","Integrated","Intel Iris Xe","Shared","Windows 11","15 inches","Single monitor","MS Office, Scratch, Python IDLE, Zoom","Small","LKR 120,000 - 180,000","Teaching, practical demos","5-7 hours","Moderately","2 - Light","Partially","Slow when 30+ Chrome tabs","Occasionally","Frequently","Yes (school UPS)","School Fiber","More RAM;Faster CPU","2.5 years ago","Windows Laptop","No portability needed","Students complain when laptop freezes during class"
"2026/02/18 10:45:10 AM GMT+5:30","Digital Marketing Executive","Social Media Specialist","Marketing/Advertising","11-50","2-4 years","Hybrid","Standard Laptop","16 GB","AMD","Mid-range","AMD Ryzen 5 7535HS","6 cores","3.3 GHz","NVMe SSD","512 GB","Integrated","AMD Radeon","Shared","Windows 11","15 inches","Dual monitors","Canva, Meta Business Suite, Hootsuite, Photoshop","Small-Medium","LKR 200,000 - 280,000","Content scheduling, analytics","6-8 hours","Frequently","3 - Moderate","Yes","No major issues","Never","Rarely","Yes (UPS)","SLT Fiber","Larger screen","10 months ago","Windows Laptop","Must be portable","Good enough for daily social media work"
"2026/02/18 11:20:25 AM GMT+5:30",".NET Developer","Backend Developer","Information Technology (IT)","51-200","4-6 years","Hybrid","Desktop PC","32 GB","Intel","High-end","Intel Core i7-13700","16 cores","2.1 GHz","NVMe SSD","1 TB","Mid-range dedicated","NVIDIA RTX 3060","12 GB","Windows 11","27 inches","Triple monitors","Visual Studio, SQL Server, Postman, Docker","Medium","Above LKR 300,000","API development, database work","9 hours","Frequently","4 - Heavy","Yes","No issues","Never","Occasionally","Yes (UPS)","Dialog Fiber","More cores or GPU","6 months ago","Desktop Tower","No portability","Solid setup for .NET + containers"
"2026/02/18 11:55:50 AM GMT+5:30","University Student (Part-time job)","3rd Year IT Student + Freelancer","Education/IT","Self + University","2-3 years","Hybrid","Gaming Laptop","16 GB","Intel","Mid-range","Intel Core i5-13450HX","10 cores","2.4 GHz","NVMe SSD","512 GB","Entry-level dedicated","RTX 4050","6 GB","Windows 11","15.6 inches","Single monitor","VS Code, Unity, Blender, Upwork tools","Medium-Large","LKR 280,000 - 350,000","Studies + small freelance projects","8-10 hours","Frequently","3-4 Moderate-Heavy","Partially","Thermal throttling in long sessions","Occasionally","Frequently (power cuts)","Yes (personal UPS)","Home Fiber + Mobile","Better cooling;More RAM","1 year ago","Windows Laptop","Must be portable","Balancing studies and gigs – needs reliability"
"2026/02/18 12:30:15 PM GMT+5:30","HR Officer (Tech company)","HR Executive","Human Resources","51-200","3-5 years","On-site","Standard Laptop","8 GB","Intel","Entry-level","Intel Core i3-1315U","6 cores","1.2 GHz","NVMe SSD","256 GB","Integrated","UHD","Shared","Windows 11","14 inches","Dual monitors","Workday, BambooHR, MS Office, Zoom","Small","LKR 140,000 - 200,000","Recruitment, onboarding","6-8 hours","Moderately","1-2 Light","Yes","Slow Excel with 1000+ rows","Rarely","Occasionally","Yes (UPS)","Company Fiber","More RAM","1.8 years ago","Windows Laptop","No portability needed","Basic but functional for HR tasks"
"2026/02/18 1:05:40 PM GMT+5:30","Unity Game Developer (Indie)","Indie Game Dev","Gaming/Media","Self-employed","2-4 years","Remote","Desktop PC","64 GB","AMD","High-end","AMD Ryzen 9 7900X","12 cores","4.7 GHz","NVMe SSD","2 TB","High-end dedicated","RTX 4070 Ti","12 GB","Windows 11","32 inches","Triple monitors","Unity, Blender, Git, Substance Painter","Large (100 MB - 1+ GB)","Above LKR 400,000","Game prototyping, asset creation","10+ hours","Frequently","5 - Very Heavy","Yes","Render times can be long","Never","Rarely","Yes (UPS)","SLT Fiber","Even better GPU","4 months ago","Desktop Tower","Stationary","Dream setup for solo indie dev"
"2026/02/18 1:40:55 PM GMT+5:30","Graphic Design Intern","Junior Graphic Designer","Creative/Media","11-50","Less than 1 year","Hybrid","Standard Laptop","16 GB","Apple","Mid-range","Apple M2","8 cores","3.5 GHz","NVMe SSD","512 GB","Integrated","Apple GPU","Shared","macOS","13 inches","Dual monitors","Photoshop, Illustrator, Figma, InDesign","Medium","LKR 220,000 - 300,000","Social media creatives, branding","6-8 hours","Frequently","3 - Moderate","Yes","No issues","Never","Rarely","Not needed","Dialog Fiber","More storage","9 months ago","MacBook","Must be portable","Internship provided – happy with it"
"2026/02/18 2:15:20 PM GMT+5:30","Network Support Engineer","Field Technician","Telecom/IT","201-500","5-8 years","On-site","Standard Laptop","16 GB","Intel","Mid-range","Intel Core i7-1255U","10 cores","1.7 GHz","NVMe SSD","512 GB","Integrated","Iris Xe","Shared","Windows 11","15 inches","Single monitor","Putty, Wireshark, SolarWinds, Excel","Small","LKR 200,000 - 280,000","Site visits, troubleshooting","8 hours","Moderately","2 - Light","Yes","Battery drains fast on field","Occasionally","Frequently (travel)","Yes (car inverter sometimes)","Mobile 5G + Fiber","Larger battery","2 years ago","Windows Laptop","Must be portable","Ruggedness would be nice for field work"
"2026/02/18 2:50:45 PM GMT+5:30","Python Automation Engineer","RPA Developer","Information Technology (IT)","51-200","3-5 years","Remote","Desktop PC","32 GB","AMD","High-end","AMD Ryzen 7 7700","8 cores","3.8 GHz","NVMe SSD","1 TB","Mid-range dedicated","RTX 3060","12 GB","Windows 11","27 inches","Dual monitors","UiPath, Python, Selenium, Excel","Medium","Above LKR 300,000","Bot development, process automation","8-9 hours","Frequently","4 - Heavy","Yes","No issues","Never","Rarely","Yes (UPS)","Dialog Fiber","More RAM","7 months ago","Desktop Tower","Stationary","Perfect for RPA workloads"
"2026/02/18 3:25:10 PM GMT+5:30","University Student (Final Year Project)","Software Engineering Final Year","Education - University","1000+","Less than 1 year (full-time)","Hybrid","Gaming Laptop","16 GB","AMD","Mid-range","AMD Ryzen 7 6800H","8 cores","3.2 GHz","NVMe SSD","512 GB","Mid-range dedicated","RTX 3060","6 GB","Windows 11","15.6 inches","Single monitor","VS Code, Android Studio, Docker, MySQL","Medium-Large","LKR 280,000 - 350,000","Final year project + part-time coding","8-10 hours","Frequently","3-4 Moderate","Partially","Overheating during builds","Occasionally","Frequently","Not always","University + Home Fiber","Better cooling;More RAM","1.2 years ago","Windows Laptop","Must be portable","Project involves ML – GPU helps but heats up"
"2026/02/18 4:00:35 PM GMT+5:30","E-commerce Operations","Online Store Manager","Retail/E-commerce","11-50","2-4 years","Hybrid","Standard Laptop","16 GB","Intel","Mid-range","Intel Core i5-1335U","10 cores","1.3 GHz","NVMe SSD","512 GB","Integrated","Iris Xe","Shared","Windows 11","14 inches","Dual monitors","Shopify, Google Sheets, Canva, Slack","Small-Medium","LKR 180,000 - 250,000","Order processing, customer support","7 hours","Frequently","2 - Light","Yes","Slow when many tabs open","Rarely","Occasionally","Yes (UPS)","Dialog Fiber","More RAM","1 year ago","Windows Laptop","No portability needed","Handles daily ops well"
"2026/02/18 4:35:50 PM GMT+5:30","Laravel Developer (Freelance)","PHP Backend Dev","Information Technology (IT)","Self-employed","4-6 years","Remote","Desktop PC","64 GB","AMD","High-end","AMD Ryzen 9 7900","12 cores","4.7 GHz","NVMe SSD","2 TB","Mid-range dedicated","RTX 4070","12 GB","Ubuntu 24.04","32 inches","Dual monitors","VS Code, PHPStorm, Docker, MySQL Workbench","Medium","Above LKR 350,000","Freelance projects, API dev","9-11 hours","Frequently","4 - Heavy","Yes","No issues","Never","Rarely","Yes (UPS)","SLT Fiber","Larger SSD","5 months ago","Desktop Tower","Stationary","Linux desktop – very productive"
"2026/02/18 5:10:15 PM GMT+5:30","After-school Coding Tutor","Coding Instructor","Education - Private","1-10","2-3 years","On-site","Standard Laptop","16 GB","Apple","Mid-range","Apple M2 Air","8 cores","3.5 GHz","NVMe SSD","512 GB","Integrated","Apple GPU","Shared","macOS","13 inches","Single monitor","VS Code, Replit, Zoom, Scratch","Small","LKR 200,000 - 280,000","Teaching kids coding","4-6 hours","Moderately","2 - Light","Yes","No issues","Never","Rarely","Not needed","Home Fiber","Larger screen","11 months ago","MacBook Air","Must be portable","Lightweight and great battery for classes"
"2026/02/18 5:45:40 PM GMT+5:30","Junior Data Engineer","ETL Developer","Information Technology (IT)","51-200","1-3 years","Hybrid","Desktop PC","32 GB","Intel","High-end","Intel Core i7-13700F","16 cores","2.1 GHz","NVMe SSD","1 TB","Mid-range dedicated","RTX 4060 Ti","8 GB","Windows 11","27 inches","Dual monitors","Airflow, Spark, PostgreSQL, dbt","Large","Above LKR 300,000","Data pipelines, transformations","8 hours","Frequently","4 - Heavy","Yes","Occasional memory pressure","Rarely","Rarely","Yes (UPS)","Dialog Fiber","More RAM","9 months ago","Desktop Tower","Stationary","Good entry into data eng"
"2026/02/18 6:20:05 PM GMT+5:30","UI Designer (Product)","Product UI Designer","Information Technology (IT)","11-50","3-5 years","Remote","MacBook Pro","32 GB","Apple","High-end","Apple M3 Pro","12 cores","3.0 GHz","NVMe SSD","1 TB","Integrated","Apple GPU","Shared","macOS","16 inches","Dual monitors","Figma, FigJam, Zeplin, Notion","Small-Medium","Above LKR 400,000","Interface design, prototyping","8 hours","Frequently","3 - Moderate","Yes","No issues","Never","Rarely","Not needed","SLT Fiber","More storage","6 months ago","MacBook Pro","Must be portable","Love the screen and performance"
"2026/02/18 6:55:30 PM GMT+5:30","University Student (Gaming + Studies)","CS Undergraduate Year 2","Education - University","501-1000","Less than 1 year","On-site","Gaming Laptop","16 GB","AMD","Mid-range","AMD Ryzen 5 7640HS","6 cores","4.3 GHz","NVMe SSD","512 GB","Mid-range dedicated","RTX 4050","6 GB","Windows 11","15.6 inches","Single monitor","Unity, VS Code, Discord, Chrome","Medium","LKR 250,000 - 320,000","Studies + personal game projects","7-9 hours","Frequently","3 - Moderate","Yes","Battery poor when gaming","Occasionally","Frequently (hostel)","Not always","University WiFi","Better battery","1 year ago","Windows Laptop","Must be portable","Gaming + coding balance ok"
"2026/02/18 7:30:55 PM GMT+5:30","IT Support (SME)","Helpdesk Technician","Information Technology (IT)","1-10","1-2 years","On-site","Standard Laptop","8 GB","Intel","Entry-level","Intel N100","4 cores","0.8-3.4 GHz","eMMC","128 GB","Integrated","UHD","Shared","Windows 11","14 inches","Single monitor","TeamViewer, AnyDesk, Chrome, Office","Small","Under LKR 120,000","Client support, basic fixes","6 hours","Moderately","1 - Very light","Partially","Very slow multitasking","Frequently","Frequently","Yes (UPS)","Mobile 4G","Faster CPU;More RAM;SSD","2+ years ago","Windows Laptop","Must be portable","Very budget – struggles daily"
"2026/02/18 8:05:20 PM GMT+5:30","React Native Freelancer","Cross-platform Mobile Dev","Information Technology (IT)","Self-employed","4-6 years","Remote","Desktop PC","64 GB","AMD","High-end","AMD Ryzen 9 7950X","16 cores","4.5 GHz","NVMe SSD","4 TB","High-end dedicated","RTX 4080","16 GB","Windows 11 / Ubuntu dual","32 inches","Triple monitors","VS Code, Expo, Android Studio, Xcode VM","Medium-Large","Above LKR 450,000","Client apps, personal projects","10+ hours","Frequently","4 - Heavy","Yes","No issues","Never","Rarely","Yes (UPS)","Dialog Fiber","Nothing – satisfied","3 months ago","Desktop Tower","Stationary","Beast mode for freelance"
"2026/02/18 8:40:45 PM GMT+5:30","Accounts Teacher (Private)","Commerce Teacher","Education - Private","11-50","6-10 years","On-site","Standard Laptop","16 GB","Intel","Mid-range","Intel Core i5-1340P","12 cores","1.9 GHz","NVMe SSD","512 GB","Integrated","Iris Xe","Shared","Windows 11","15 inches","Dual monitors","Excel, QuickBooks, Zoom, Google Classroom","Medium","LKR 180,000 - 250,000","Teaching accounting, practicals","5-7 hours","Moderately","2 - Light","Yes","Large Excel files slow","Rarely","Occasionally","Yes (UPS)","School Fiber","More RAM","1.5 years ago","Windows Laptop","No portability","Good for teaching demos"
"2026/02/18 9:15:10 PM GMT+5:30","Junior ML Engineer","AI Research Assistant","Information Technology (IT)","51-200","1-3 years","Hybrid","Desktop PC","128 GB","AMD","High-end","AMD Ryzen Threadripper 7960X","24 cores","4.2 GHz","NVMe SSD","4 TB","High-end dedicated","RTX 4090","24 GB","Ubuntu 24.04","32 inches","Dual monitors","PyTorch, Jupyter, HuggingFace, CUDA","Very large (>1 GB)","Above LKR 500,000 (company)","Model training, experiments","9 hours","Frequently","5 - Very Heavy","Yes","Nothing major","Never","Rarely","Yes (UPS)","LEARN / SLT Fiber","Even more VRAM if possible","4 months ago","Desktop Tower","Stationary","Research grade workstation"
"2026/02/18 9:50:35 PM GMT+5:30","Web Designer (Freelance)","WordPress Specialist","Information Technology (IT)","Self-employed","3-5 years","Remote","Standard Laptop","16 GB","Intel","Mid-range","Intel Core i7-1355U","10 cores","1.7 GHz","NVMe SSD","1 TB","Integrated","Iris Xe","Shared","Windows 11","15 inches","Dual monitors","Elementor, Photoshop, Chrome DevTools","Medium","LKR 220,000 - 300,000","Website building, client revisions","7-9 hours","Frequently","3 - Moderate","Yes","No issues","Never","Rarely","Yes (UPS)","Dialog Fiber","Larger screen","8 months ago","Windows Laptop","Must be portable","Efficient for WP + design"
"Timestamp","What is your primary job role/category?","If comfortable, please specify your exact job title (Optional):","What industry/sector do you work in?","Company size (number of employees)","How many years of work experience do you have?","Work arrangement","What type of computer do you primarily use for work?","RAM (Memory) capacity","Processor (CPU) brand","Processor performance tier (if known)","Specific processor model (Optional - Example: Intel Core i7-13700K, AMD Ryzen 7 5800X, Apple M2):","Number of CPU cores","Processor base speed (GHz)","Primary storage type","Total storage capacity","Graphics card (GPU) type","If you have a dedicated graphics card, specify the model (Optional - Example: NVIDIA RTX 4060, AMD Radeon RX 7600):","Graphics card memory (VRAM)","Operating system","Screen size (for laptops/all-in-ones)","Do you use multiple monitors?","What software/applications do you use regularly?","What is the typical size of files you work with?","What is your budget for a PC?","Primary work activities","How many hours per day do you use your PC for work?","Do you run multiple applications simultaneously?","Rate the intensity of your typical workload:","Is your current PC sufficient for your work requirements?","What performance issues do you experience?","How often does your PC slow down or struggle during work?","Do you experience power interruptions at your location?","Do you use a UPS or generator?","What type of internet connection do you use for work?","If you could upgrade your PC, what would you prioritize?","When was your current PC purchased or assigned to you?","PC form factor preference?","Portability requirement?","Any additional comments about your PC specifications, work requirements, or suggestions for the PC recommendation system?"
"2026/02/18 07:12:45 AM GMT+5:30","University/College Student (CS/IT)","1st Year Information Systems Student","Education - University","1000+ (Enterprise)","Less than 1 year","On-site (at campus/office)","Budget Laptop","8 GB","AMD","Entry-level (i3, Ryzen 3, M1)","AMD Ryzen 3 7320U","4 cores","2.4 GHz","SATA SSD (Slower SSD)","256 GB","Integrated graphics (Intel UHD, AMD Radeon)","AMD Radeon 610M","Shared","Windows 11 Home","14 inches","Single monitor/screen only","Chrome, MS Office, VS Code (basic), Zoom, Moodle","Small (Under 10 MB)","Under LKR 130,000","Online classes, basic assignments, note-taking","4-6 hours","Occasionally (2-3 apps at a time)","1 - Very light (email, web browsing)","No (insufficient for my needs)","Slow loading;Freezes with Zoom + browser","Frequently (multiple times daily)","Frequently (4+ hours/week)","Not needed","University WiFi + Mobile 4G","Faster CPU/Processor;More RAM (memory);Faster storage (SSD upgrade)","More than 3 years ago","Windows Laptop","Must be portable (travel frequently for work)","Very outdated – can't handle modern web apps well"
"2026/02/18 08:28:19 AM GMT+5:30","Junior Backend Developer","Node.js Developer","Information Technology (IT)","11-50 (Small to medium)","1-2 years","Remote/Work from home","Standard Laptop","16 GB","Intel","Mid-range (i5, Ryzen 5, M1/M2)","Intel Core i5-13420H","8 cores","2.1 GHz","NVMe SSD (Faster PCIe SSD)","512 GB","Entry-level dedicated GPU (GTX 1650, RX 6500 XT)","NVIDIA RTX 3050","4 GB","Windows 11","15.6 inches","Dual monitors","VS Code, Postman, MongoDB Compass, Docker Desktop, Git","Medium (10 MB - 100 MB)","LKR 280,000 - 350,000","API building, debugging, learning cloud","7-9 hours","Frequently (6-10 applications at a time)","3 - Moderate (programming, data analysis, photo editing)","Yes, fully meets my needs","Slight fan noise during long compiles","Rarely (once a week or less)","Rarely (1-2 hours/month)","Yes (UPS)","Dialog Fiber","Larger SSD;Better cooling","Less than 1 year ago","Windows Laptop","Must be portable (travel frequently for work)","Decent for junior role but want quieter machine"
"2026/02/18 09:47:33 AM GMT+5:30","Secondary School Teacher","A/L ICT Teacher","Education - School","51-200 (Medium-sized business)","7-10 years","On-site (at campus/office)","Standard Laptop","16 GB","Intel","Mid-range (i5, Ryzen 5, M1/M2)","Intel Core i5-1335U","10 cores","1.3 GHz","NVMe SSD (Faster PCIe SSD)","512 GB","Integrated graphics (Intel UHD, AMD Radeon)","Intel Iris Xe","Shared","Windows 11 Pro","15 inches","Dual monitors","MS Office, Zoom, OBS Studio, Python IDLE, Arduino IDE","Small (Under 10 MB)","LKR 180,000 - 250,000","Theory classes, practical coding sessions, grading","6-8 hours","Moderately (3-5 applications at a time)","2 - Light (document editing, web browsing)","Yes, fully meets my needs","No performance issues","Rarely (once a week or less)","Frequently (3-4 hours/week)","Yes (school generator)","School Fiber","Larger external monitor","2 years ago","Windows Laptop","No, can be stationary","Good for teaching but projector lag sometimes"
"2026/02/18 10:59:07 AM GMT+5:30","Freelance Web Designer","UI Designer (Freelance)","Creative Arts/Media","Self-employed/Freelancer","2-3 years","Remote/Work from home","MacBook Air","16 GB","Apple","Mid-range (i5, Ryzen 5, M1/M2)","Apple M2","8 cores","3.5 GHz","NVMe SSD (Faster PCIe SSD)","512 GB","Integrated graphics","Apple M2 GPU","Shared","macOS Sonoma","13 inches","Dual monitors (external)","Figma, Adobe XD, Photoshop, Webflow, Notion","Small (Under 10 MB)","Above LKR 300,000","Client websites, prototypes, revisions","6-10 hours","Frequently (6-10 applications at a time)","3 - Moderate (programming, data analysis, photo editing)","Yes, fully meets my needs","Storage fills quickly with assets","Occasionally (2-3 times per week)","Rarely (1-2 hours/month)","Not needed","SLT Fiber","Larger/faster storage (SSD upgrade)","1 year ago","MacBook or Mac desktop","Must be portable (travel frequently for work)","Battery lasts all day – perfect for freelance"
"2026/02/18 12:14:52 PM GMT+5:30","IT Sales Executive","Laptop Sales Consultant","Retail/IT Sales","11-50 (Small to medium)","3-5 years","On-site (at campus/office)","Standard Laptop","8 GB","AMD","Entry-level (i3, Ryzen 3, M1)","AMD Ryzen 5 7520U","4 cores","2.8 GHz","SATA SSD (Slower SSD)","256 GB","Integrated graphics","AMD Radeon Graphics","Shared","Windows 11","14 inches","Single monitor/screen only","ERP system, Excel, Chrome, WhatsApp Web","Small (Under 10 MB)","LKR 150,000 - 220,000","Customer demos, quotes, follow-ups","8 hours","Moderately (3-5 applications at a time)","2 - Light (document editing, web browsing)","Partially (some tasks are slow or require workarounds)","Slow when opening many product PDFs","Occasionally (2-3 times per week)","Occasionally (1-2 hours/week)","Yes (UPS)","Shop Fiber","More RAM (memory);Faster storage","1.5 years ago","Windows Laptop","No, can be stationary","Need faster for quick demos to customers"
"2026/02/18 01:36:28 PM GMT+5:30","Data Entry Operator (Bank)","Junior Data Processor","Finance/Banking","201-500 (Large organization)","1-2 years","On-site (at campus/office)","Budget Laptop","8 GB","Intel","Entry-level (i3, Ryzen 3, M1)","Intel Core i3-1215U","6 cores","1.2 GHz","HDD (Mechanical hard drive)","500 GB","Integrated graphics","Intel UHD Graphics","Shared","Windows 10","15 inches","Single monitor/screen only","Excel, Core Banking Software, PDF readers","Small (Under 10 MB)","Under LKR 140,000","Data input, verification, reports","7-9 hours","Occasionally (2-3 apps at a time)","1 - Very light (email, web browsing)","No (insufficient for my needs)","Very slow boot;Freezes on large Excel","Frequently (daily)","Frequently (3-4 hours/week)","Yes (UPS)","Bank network","Faster storage (SSD upgrade);More RAM","More than 3 years ago","Windows Laptop","No, can be stationary","Old HDD killing productivity – urgent SSD needed"
"2026/02/18 03:08:41 PM GMT+5:30","Game Modder / Hobbyist","Unity Hobbyist Developer","Gaming/Media","Self-employed/Freelancer","Less than 1 year","Remote/Work from home","Gaming Laptop","16 GB","AMD","Mid-range (i5, Ryzen 5, M1/M2)","AMD Ryzen 7 7735HS","8 cores","3.2 GHz","NVMe SSD (Faster PCIe SSD)","1 TB","Mid-range dedicated GPU (RTX 3060, RX 6700 XT)","NVIDIA RTX 4050","6 GB","Windows 11","16 inches","Dual monitors","Unity, Blender, Git, Discord","Large files (100 MB - 1 GB)","LKR 320,000 - 400,000","Personal mods, small games, learning","8-12 hours","Frequently (6-10 applications at a time)","4 - Heavy (video editing, 3D rendering, VM)","Yes, fully meets my needs","Gets hot during long renders","Occasionally (2-3 times per week)","Rarely (1-2 hours/month)","Yes (UPS)","Dialog Fiber","Better cooling;More VRAM","8 months ago","Windows Laptop","Must be portable (travel frequently for work)","Great for hobby but thermal throttling noticeable"
"2026/02/18 04:42:19 PM GMT+5:30","Mobile Repair Technician","Phone & Laptop Technician","Repair/Services","1-10 (Small business/Startup)","4-6 years","On-site (at campus/office)","Standard Laptop","16 GB","Intel","Mid-range (i5, Ryzen 5, M1/M2)","Intel Core i5-12450H","8 cores","2.0 GHz","NVMe SSD (Faster PCIe SSD)","512 GB","Integrated graphics","Intel UHD Graphics","Shared","Windows 11","15 inches","Dual monitors","Diagnostic tools, iTunes, Odin, Schematics PDF","Medium (10 MB - 100 MB)","LKR 200,000 - 280,000","Device flashing, troubleshooting, customer logs","8-10 hours","Frequently (6-10 applications at a time)","3 - Moderate (programming, data analysis, photo editing)","Yes, fully meets my needs","No performance issues","Rarely (once a week or less)","Frequently (3-4 hours/week)","Yes (UPS)","Shop Fiber + Mobile","Larger storage","1 year ago","Windows Laptop","No, can be stationary","Handles multiple tools well now"
"2026/02/18 06:15:56 PM GMT+5:30","MSc Student (Data Science)","Postgraduate Student","Education - University","501-1000 (Large organization)","2-3 years","Hybrid","Gaming Laptop","32 GB","AMD","High-end (i7, Ryzen 7, M2/M3)","AMD Ryzen 9 7945HX","16 cores","2.5 GHz","NVMe SSD (Faster PCIe SSD)","1 TB","High-end dedicated GPU (RTX 4070, RX 7800 XT)","NVIDIA RTX 4070","8 GB","Windows 11 / Ubuntu dual boot","16 inches","Dual monitors","Jupyter, PyTorch, Pandas, VS Code, Tableau","Large files (100 MB - 1 GB)","Above LKR 400,000","Thesis experiments, coursework, Kaggle","8-10 hours","Frequently (6-10 applications at a time)","4 - Heavy (video editing, 3D rendering, VM)","Yes, fully meets my needs","Fan very loud during training","Occasionally (2-3 times per week)","Occasionally (1-2 hours/week)","Yes (UPS)","University + Home Fiber","Quiet fans;More VRAM","6 months ago","Windows Laptop","Must be portable (travel frequently for work)","Strong for MSc but noisy in library"
"2026/02/18 07:49:22 PM GMT+5:30","Office Administrator","Admin Executive (IT Firm)","Information Technology (IT)","51-200 (Medium-sized business)","5-8 years","Hybrid","Standard Laptop","16 GB","Intel","Mid-range (i5, Ryzen 5, M1/M2)","Intel Core i7-1255U","10 cores","1.7 GHz","NVMe SSD (Faster PCIe SSD)","512 GB","Integrated graphics","Intel Iris Xe","Shared","Windows 11","14 inches","Dual monitors","MS Office 365, Google Workspace, Trello, Zoom","Small (Under 10 MB)","LKR 220,000 - 300,000","Scheduling, emails, reports, coordination","7-9 hours","Frequently (6-10 applications at a time)","2 - Light (document editing, web browsing)","Yes, fully meets my needs","No performance issues","Never","Rarely (1-2 hours/month)","Yes (UPS)","Dialog Fiber","Nothing major","1 year ago","Windows Laptop","Must be portable (travel frequently for work)","Reliable daily driver for admin work"